,代 码,转债名称,现 价,涨跌幅,正股名称,正股价,正股涨跌,PB,转股价,转股价值,溢价率,纯债价值,评级,期权价值,回售触发价,强赎触发价,转债占比,机构持仓,到期时间,剩余年限,到期税前收益,到期税后收益,回售收益,成交额(万元),操作
0,123031,晶瑞转债,154.089,4.26%,晶瑞股份,32.70,1.21%,8.85,18.380,177.91,-13.39%,购买,A+,购买,12.87,23.89,3.7%,会员,25-08-28,5.715,-4.90%,-5.36%,购买,14610.83,
1,113539,圣达转债,125.750,1.22%,圣达生物,38.80,-0.77%,4.93,28.780,134.82,-6.73%,购买,A+,购买,20.15,37.41,6.9%,会员,25-07-02,5.559,-0.62%,-1.27%,购买,2649.37,
2,113538,安图转债,146.540,-0.68%,安图生物 R,98.52,-0.98%,17.83,64.110,153.67,-4.64%,购买,AA,购买,44.88,83.34,1.7%,会员,25-06-27,5.545,-4.33%,-4.78%,购买,1307.00,
3,128020,水晶转债,138.000,1.85%,水晶光电 R,17.07,2.40%,4.59,12.230*,139.57,-1.12%,购买,AA,购买,8.56,15.90,4.9%,会员,23-11-16,3.932,-5.43%,-5.91%,购买,15022.45,
4,128069,华森转债,108.080,-0.02%,华森制药,19.76,-2.52%,7.66,18.080,109.29,-1.11%,购买,AA-,购买,12.66,23.50,3.8%,会员,25-06-24,5.537,2.02%,1.37%,购买,1296.50,
5,128068,和而转债,137.990,3.74%,和而泰 R,12.68,3.76%,5.79,9.090,139.49,-1.08%,购买,AA-,购买,6.36,11.82,4.8%,会员,25-06-04,5.482,-3.60%,-4.01%,购买,10232.92,
6,128041,盛路转债,150.013,-0.79%,盛路通信 R,10.31,-0.67%,2.51,6.850,150.51,-0.33%,购买,AA,购买,4.79,8.90,0.8%,会员,24-07-16,4.597,-5.72%,-6.25%,购买,110.30,
7,123022,长信转债,153.158,3.28%,长信科技 R,9.60,2.89%,4.01,6.250,153.60,-0.29%,购买,AA,购买,4.38,8.12,3.1%,会员,25-03-18,5.268,-5.34%,-5.82%,购买,27548.01,
8,123003,蓝思转债,134.778,0.73%,蓝思科技 R,14.11,1.51%,3.25,10.440**,135.15,-0.28%,购买,AA+,购买,7.31,13.57,3.4%,会员,23-12-08,3.992,-5.08%,-5.50%,购买,6440.46,
9,128052,凯龙转债,178.490,-0.61%,凯龙股份 R,12.10,-0.49%,2.61,6.770,178.73,-0.13%,购买,AA,购买,4.74,8.80,1.6%,会员,24-12-21,5.030,-8.45%,-8.92%,购买,2992.79,
10,123011,德尔转债,121.765,0.18%,德尔股份,42.24,-0.38%,2.25,34.660,121.87,-0.09%,购买,AA-,购买,24.26,45.06,8.6%,会员,24-07-18,4.603,-0.86%,-1.51%,购买,870.58,
11,127008,特发转债,191.810,1.11%,特发信息 R,10.77,0.84%,3.27,5.610,191.98,-0.09%,购买,AA,购买,3.93,7.29,0.8%,会员,23-11-16,3.932,-13.10%,-13.52%,购买,1205.12,
12,110049,海尔转债 !,121.330,-0.16%,海尔智家 R,17.23,-0.35%,2.46,14.200,121.34,-0.01%,购买,AAA,购买,9.94,17.04,0.6%,会员,24-12-17,5.019,-1.97%,-2.33%,购买,10099.11,
13,113523,伟明转债,126.790,0.25%,伟明环保 R,22.15,0.73%,5.47,17.470,126.79,0.00%,购买,AA,购买,12.23,22.71,1.5%,会员,24-12-10,5.000,-1.98%,-2.50%,购买,191.02,
14,128060,中装转债,146.210,0.08%,中装建设,9.02,0.33%,2.48,6.190,145.72,0.34%,购买,AA,购买,4.33,8.05,1.3%,会员,25-03-26,5.290,-4.79%,-5.21%,购买,345.80,
15,123020,富祥转债,120.684,0.32%,富祥股份,17.95,0.79%,3.55,14.930,120.23,0.38%,购买,AA-,购买,10.45,19.41,7.7%,会员,25-03-01,5.222,0.07%,-0.62%,购买,124.19,
16,113514,威帝转债,115.880,-0.57%,威帝股份,5.58,-2.96%,3.55,4.850,115.05,0.72%,购买,A+,购买,3.40,6.30,4.5%,会员,23-07-20,3.605,-1.18%,-1.73%,购买,2109.40,
17,123002,国祯转债,127.080,0.06%,国祯环保,10.79,1.12%,2.13,8.600*,125.47,1.28%,购买,AA,购买,6.02,11.18,6.9%,会员,23-11-24,3.953,-3.69%,-4.12%,购买,276.84,
18,113520,百合转债,138.930,-0.75%,梦百合,19.55,-2.25%,2.98,14.280,136.90,1.48%,购买,AA-,购买,10.00,18.56,5.0%,会员,24-11-08,4.912,-3.81%,-4.33%,购买,565.20,
19,113533,参林转债 !,140.270,-0.72%,大参林 R,50.38,-0.83%,7.46,36.500,138.03,1.62%,购买,AA,购买,25.55,47.45,1.1%,会员,25-04-02,5.310,-4.03%,-4.45%,购买,126.06,
20,123027,蓝晓转债,118.200,2.52%,蓝晓科技,34.40,2.87%,5.80,29.580,116.29,1.64%,购买,A+,购买,20.71,38.45,4.8%,会员,25-06-10,5.499,0.28%,-0.35%,购买,553.27,
21,128038,利欧转债,130.233,0.18%,利欧股份 R,2.20,0.92%,1.81,1.720*,127.91,1.82%,购买,AA,购买,1.20,2.24,1.0%,会员,24-03-22,4.279,-3.16%,-3.71%,购买,80.09,
22,113526,联泰转债,127.150,-0.01%,联泰环保,10.77,-0.28%,2.49,8.720,123.51,2.95%,购买,AA,购买,6.10,11.34,6.4%,会员,25-01-22,5.118,-2.65%,-3.03%,购买,47.67,
23,128079,英联转债,108.121,0.49%,英联股份,14.19,1.94%,4.34,13.540,104.80,3.17%,购买,A+,购买,9.48,17.60,7.8%,会员,25-10-21,5.863,1.52%,0.97%,购买,420.16,
24,123021,万信转2,128.350,0.35%,万达信息 R,16.91,-0.76%,4.93,13.600,124.34,3.23%,购买,AA,购买,9.52,17.68,3.4%,会员,25-03-03,5.227,-1.58%,-2.17%,购买,1295.60,
25,128043,东音转债,221.161,9.08%,东音股份,13.87,9.99%,5.00,6.550*,211.76,4.44%,购买,AA-,购买,4.58,8.52,3.1%,会员,24-08-02,4.644,-13.32%,-13.79%,购买,4046.93,
26,128025,特一转债,110.499,0.16%,特一药业,16.30,0.18%,2.94,15.450*,105.50,4.74%,购买,AA-,购买,10.81,20.09,10.4%,会员,23-12-06,3.986,-0.16%,-0.62%,购买,231.77,
27,123019,中来转债,113.850,0.20%,中来股份,14.39,0.28%,1.83,13.290,108.28,5.14%,购买,AA-,购买,9.30,17.28,19.3%,会员,25-02-25,5.211,1.84%,1.02%,购买,849.39,
28,110044,广电转债 !,130.760,-0.44%,广电网络 R,8.57,-0.81%,1.58,6.900,124.20,5.28%,购买,AA,购买,4.83,8.97,1.4%,会员,24-06-27,4.545,-3.24%,-3.73%,购买,175.40,
29,128078,太极转债,130.200,0.32%,太极股份 R,39.02,2.66%,5.67,31.610,123.44,5.48%,购买,AA,购买,22.13,41.09,6.2%,会员,25-10-21,5.863,-1.79%,-2.30%,购买,797.08,
30,110050,佳都转债,124.500,0.17%,佳都科技 R,9.28,1.42%,3.25,7.890,117.62,5.85%,购买,AA,购买,5.52,10.26,4.3%,会员,24-12-18,5.022,-1.72%,-2.22%,购买,244.37,
31,113518,顾家转债,126.750,0.60%,顾家家居 R,43.74,1.13%,4.85,36.570,119.61,5.97%,购买,AA,购买,29.26,47.54,4.2%,会员,24-09-11,4.753,-2.08%,-2.62%,购买,243.64,
32,128066,亚泰转债,106.000,0.00%,亚泰国际,14.80,-0.20%,1.68,14.800*,100.00,6.00%,购买,AA-,购买,10.36,19.24,18.0%,会员,25-04-17,5.351,2.07%,1.46%,购买,503.92,
33,123034,通光转债,101.980,-0.19%,通光线缆,7.67,0.26%,2.53,7.980,96.12,6.10%,购买,A+,购买,5.59,10.37,11.5%,会员,25-11-03,5.899,2.63%,2.06%,购买,533.19,
34,123033,金力转债,110.789,0.19%,金力永磁,42.92,0.21%,15.17,41.200,104.17,6.35%,购买,AA-,购买,28.84,53.56,2.5%,会员,25-10-31,5.890,1.68%,1.03%,购买,441.80,
35,123012,万顺转债,118.756,0.22%,万顺新材,5.98,0.00%,1.21,5.360,111.57,6.44%,购买,AA-,购买,3.75,6.97,3.3%,会员,24-07-20,4.608,-1.50%,-1.93%,购买,36.97,
36,128076,金轮转债,105.419,0.02%,金轮股份,14.80,-0.54%,1.38,14.960,98.93,6.56%,购买,AA-,购买,10.47,19.45,8.2%,会员,25-10-14,5.844,1.57%,1.09%,购买,242.38,
37,113511,千禾转债,121.040,-0.73%,千禾味业,20.78,-0.72%,6.38,18.310,113.49,6.65%,购买,AA-,购买,12.82,23.80,1.9%,会员,24-06-19,4.523,-1.58%,-2.08%,购买,27.60,
38,128030,天康转债,154.090,-0.97%,天康生物 R,11.63,-1.61%,3.25,8.050,144.47,6.66%,购买,AA,购买,5.63,10.46,1.5%,会员,23-12-22,4.030,-7.59%,-8.10%,购买,1269.23,
39,113550,常汽转债,110.410,10.41%,常熟汽饰,10.24,0.49%,1.10,9.930,103.12,7.07%,购买,AA-,购买,6.95,12.91,34.6%,会员,25-11-17,5.937,1.71%,1.06%,购买,77713.40,
40,123016,洲明转债,124.242,0.92%,洲明科技 R,9.06,2.26%,2.97,7.820,115.86,7.23%,购买,AA-,购买,5.47,10.17,5.6%,会员,24-11-07,4.910,-1.54%,-2.08%,购买,2.25,
41,128019,久立转2,124.109,0.49%,久立特材 R,9.15,1.10%,2.33,7.920,115.53,7.43%,购买,AA,购买,5.54,10.30,13.5%,会员,23-11-08,3.910,-3.13%,-3.58%,购买,35.73,
42,113521,科森转债,111.910,1.71%,科森科技,9.06,1.34%,2.21,8.700,104.14,7.46%,购买,AA,购买,6.09,11.31,16.3%,会员,24-11-16,4.934,0.60%,0.05%,购买,852.73,
43,110046,圆通转债,121.030,-0.19%,圆通速递 R,12.07,0.33%,2.72,10.730,112.49,7.59%,购买,AA+,购买,7.51,13.95,10.3%,会员,24-11-19,4.942,-1.03%,-1.57%,购买,805.20,
44,132018,G三峡EB1,108.800,0.90%,长江电力 R,18.29,1.55%,2.77,18.120,100.94,8.12%,购买,AAA,购买,12.68,21.74,5.0%,会员,24-04-09,4.329,0.29%,-0.16%,购买,6906.41,
45,128077,华夏转债,111.800,-0.19%,华夏航空,10.87,-0.55%,2.68,10.520,103.33,8.20%,购买,AA-,购买,7.36,13.68,12.1%,会员,25-10-16,5.849,1.36%,0.74%,购买,241.99,
46,128039,三力转债,108.520,0.90%,三力士,5.84,1.57%,1.86,5.830*,100.17,8.34%,购买,AA-,购买,4.08,7.58,6.2%,会员,24-06-07,4.490,0.37%,-0.06%,购买,278.58,
47,128061,启明转债,128.369,0.41%,启明星辰 R,33.33,2.62%,7.93,28.290,117.82,8.95%,购买,AA,购买,19.80,36.78,3.5%,会员,25-03-27,5.293,-1.56%,-2.15%,购买,126.36,
48,113536,三星转债,105.440,-0.38%,三星新材,19.09,-0.62%,2.80,19.750,96.66,9.08%,购买,AA,购买,13.82,25.68,11.2%,会员,25-05-30,5.468,1.66%,1.16%,购买,92.29,
49,113548,石英转债,122.010,3.01%,石英股份 R,17.05,5.70%,4.02,15.250,111.80,9.13%,购买,AA-,购买,10.68,19.82,6.3%,会员,25-10-27,5.879,0.39%,-0.31%,购买,585.78,
50,123026,中环转债,106.679,0.26%,中环环保,12.03,0.25%,2.29,12.310,97.73,9.16%,购买,AA-,购买,8.62,16.00,15.1%,会员,24-06-10,4.499,0.93%,0.46%,购买,83.34,
51,128055,长青转2,114.800,0.26%,长青股份,7.79,0.52%,1.26,7.410,105.13,9.20%,购买,AA,购买,5.19,9.63,21.7%,会员,25-02-27,5.216,0.12%,-0.41%,购买,612.66,
52,113540,南威转债,120.110,-0.56%,南威软件 R,11.14,1.46%,3.03,10.130,109.97,9.22%,购买,AA-,购买,7.09,13.17,11.2%,会员,25-07-14,5.592,-0.32%,-0.88%,购买,1445.43,
53,128057,博彦转债,114.266,0.53%,博彦科技,9.21,1.21%,1.78,8.810,104.54,9.30%,购买,AA-,购买,6.17,11.45,11.8%,会员,25-03-05,5.233,0.56%,-0.03%,购买,329.51,
54,113019,玲珑转债,129.030,0.26%,玲珑轮胎 R,21.72,2.16%,2.46,18.550,117.09,10.20%,购买,AA+,购买,12.98,24.11,7.7%,会员,23-03-01,3.219,-4.09%,-4.78%,购买,92.51,
55,123018,溢利转债,115.080,-0.82%,溢多利,8.72,-0.46%,1.63,8.350,104.43,10.20%,购买,AA-,购买,5.84,10.86,10.2%,会员,24-12-20,5.027,0.04%,-0.50%,购买,112.55,
56,113549,白电转债,102.880,-0.98%,白云电器,8.37,-0.59%,1.62,8.990,93.10,10.50%,购买,AA,购买,632.00,11.69,23.3%,会员,25-11-14,5.929,1.94%,1.48%,购买,5707.70,
57,123017,寒锐转债,126.060,0.37%,寒锐钴业 R,65.29,0.05%,10.14,57.490,113.57,11.00%,购买,AA-,购买,40.24,74.74,2.5%,会员,24-11-20,4.945,-2.62%,-3.00%,购买,256.68,
58,128034,江银转债,107.600,0.02%,江阴银行,4.51,0.45%,0.86,4.680**,96.37,11.65%,购买,AA+,购买,-,6.08,17.9%,会员,24-01-26,4.126,0.46%,0.02%,购买,401.22,
59,113530,大丰转债,110.500,-0.01%,大丰实业,16.57,-0.78%,3.38,16.760,98.87,11.76%,购买,AA,购买,11.73,21.79,9.5%,会员,25-03-26,5.290,1.93%,1.21%,购买,366.13,
60,128059,视源转债,126.203,0.16%,视源股份,85.48,0.15%,11.98,75.720,112.89,11.79%,购买,AA,购买,53.00,98.44,1.7%,会员,25-03-11,5.249,-1.91%,-2.38%,购买,143.35,
61,113011,光大转债,121.420,0.26%,光大银行 R,4.31,-0.23%,0.60,3.970,108.56,11.85%,购买,AAA,购买,-,5.16,13.3%,会员,23-03-17,3.263,-3.24%,-3.74%,购买,9055.53,
62,113028,环境转债,119.300,0.29%,上海环境,11.13,1.09%,1.53,10.440,106.61,11.90%,购买,AAA,购买,7.31,13.57,21.3%,会员,25-06-17,5.518,-1.32%,-1.68%,购买,189.09,
63,113020,桐昆转债,120.850,0.83%,桐昆股份 R,13.48,1.89%,1.34,12.510,107.75,12.16%,购买,AA+,购买,8.76,16.26,13.9%,会员,24-11-19,4.942,-1.41%,-1.87%,购买,2212.70,
64,123030,九洲转债,104.979,-0.08%,九洲电气,5.33,-0.37%,0.90,5.700,93.51,12.26%,购买,AA-,购买,3.99,7.41,16.8%,会员,25-08-19,5.690,2.50%,1.86%,购买,80.62,
65,110056,亨通转债,113.630,停牌,亨通光电 R,15.86,停牌,2.25,15.680*,101.15,12.34%,购买,AA+,购买,10.98,20.38,5.7%,会员,25-03-19,5.271,0.25%,-0.26%,购买,0.00,
66,113546,迪贝转债,100.220,-0.05%,迪贝电气,16.38,0.49%,2.56,18.450,88.78,12.89%,购买, A+,购买,12.91,23.98,14.0%,会员,25-10-22,5.866,3.35%,2.70%,购买,408.46,
67,113551,福特转债,121.600,0.86%,福斯特 R,44.20,0.68%,3.88,41.040,107.70,12.91%,购买,AA,购买,28.73,53.35,4.8%,会员,25-11-17,5.937,-0.91%,-1.36%,购买,5221.34,
68,128074,游族转债,124.338,1.71%,游族网络 R,18.77,4.22%,3.05,17.060,110.02,13.01%,购买,AA,购买,11.94,22.18,6.9%,会员,25-09-23,5.786,-0.58%,-1.17%,购买,1601.76,
69,132021,19中电EB,121.000,0.49%,中国软件 R,79.00,-1.15%,20.29,74.250,106.40,13.74%,购买,AAA,购买,51.98,96.53,5.4%,会员,22-11-28,2.964,-4.09%,-4.51%,购买,2964.34,
70,123015,蓝盾转债,112.272,0.48%,蓝盾股份 R,5.70,1.42%,1.44,5.790*,98.45,14.04%,购买,AA,购买,4.05,7.53,1.4%,会员,24-08-13,4.674,0.12%,-0.38%,购买,227.32,
71,113531,百姓转债,122.400,-0.49%,老百姓 R,64.30,-0.25%,5.48,60.090,107.01,14.38%,购买,AA,购买,42.06,78.12,1.8%,会员,24-03-28,4.296,-1.94%,-2.46%,购买,2.21,
72,110052,贵广转债,115.250,0.63%,贵广网络 R,8.10,1.00%,1.82,8.040,100.75,14.39%,购买,AA+,购买,5.63,10.45,17.9%,会员,25-03-05,5.233,0.63%,-0.01%,购买,1328.93,
73,113515,高能转债,114.310,0.49%,高能环境 R,9.31,0.87%,2.04,9.330,99.79,14.55%,购买,AA,购买,6.53,12.13,11.3%,会员,24-07-26,4.625,-0.27%,-0.78%,购买,364.76,
74,110060,天路转债,109.880,-0.23%,西藏天路 R,6.94,0.43%,1.76,7.240,95.86,14.63%,购买,AA,购买,5.07,9.41,18.1%,会员,25-10-27,5.879,0.84%,0.37%,购买,1482.61,
75,128054,中宠转债,113.901,-0.78%,中宠股份,22.05,-0.32%,4.50,22.280,98.97,15.09%,购买,A+,购买,15.60,28.96,5.2%,会员,25-02-15,5.184,0.29%,-0.25%,购买,147.09,
76,127013,创维转债,113.101,0.36%,创维数字 R,11.28,0.00%,3.35,11.490,98.17,15.21%,购买,AA,购买,8.04,14.94,8.7%,会员,25-04-15,5.345,0.86%,0.26%,购买,375.83,
77,110048,福能转债,119.400,0.18%,福能股份 R,8.78,-0.79%,1.10,8.480,103.54,15.32%,购买,AA+,购买,5.94,11.02,20.8%,会员,24-12-06,4.989,-0.96%,-1.45%,购买,399.00,
78,128051,光华转债,105.329,-0.03%,光华科技,11.61,1.13%,3.42,12.720*,91.27,15.40%,购买,AA-,购买,8.90,16.54,5.7%,会员,24-12-14,5.011,1.99%,1.41%,购买,61.74,
79,110054,通威转债,123.510,-0.40%,通威股份 R,13.07,-0.31%,2.95,12.280,106.43,16.05%,购买,AA+,购买,8.60,15.96,9.8%,会员,25-03-18,5.268,-1.28%,-1.79%,购买,155.75,
80,113522,旭升转债,119.280,-0.07%,旭升股份,30.41,-0.10%,8.23,29.600,102.74,16.10%,购买,AA,购买,20.72,38.48,3.4%,会员,24-11-22,4.951,0.11%,-0.58%,购买,371.12,
81,123014,凯发转债,108.228,0.01%,凯发电气,7.56,0.13%,1.78,8.140,92.87,16.54%,购买,A+,购买,5.70,10.58,5.1%,会员,23-07-27,3.625,0.23%,-0.24%,购买,12.43,
82,132005,15国资EB,116.000,0.43%,中国太保 R,35.48,0.48%,1.89,35.660,99.50,16.61%,购买,AAA,购买,-,-,0.6%,会员,20-12-08,0.992,-5.93%,-7.53%,购买,481.21,
83,128053,尚荣转债,103.364,0.11%,尚荣医疗,4.33,-0.69%,1.30,4.890,88.55,16.73%,购买,AA,购买,3.42,6.36,24.5%,会员,25-02-14,5.181,2.18%,1.63%,购买,349.38,
84,110033,国贸转债,111.720,-0.09%,厦门国贸 R,7.10,-0.42%,0.54,7.420*,95.69,16.75%,购买,AAA,购买,5.19,9.65,9.2%,会员,22-01-05,2.068,-0.27%,-1.26%,购买,16.55,
85,113537,文灿转债,106.890,-0.43%,文灿股份,18.23,-1.67%,1.80,19.930,91.47,16.86%,购买,AA-,购买,13.95,25.91,19.9%,会员,25-06-09,5.496,2.50%,1.79%,购买,619.20,
86,128071,合兴转债,107.316,0.01%,合兴包装,4.02,-0.74%,1.59,4.380,91.78,16.93%,购买,AA,购买,3.07,5.69,12.7%,会员,25-08-15,5.679,1.26%,0.78%,购买,115.68,
87,128073,哈尔转债,105.740,0.06%,哈尔斯,5.24,-0.19%,2.32,5.800,90.34,17.05%,购买,AA-,购买,4.06,7.54,14.0%,会员,24-08-22,4.699,1.96%,1.35%,购买,391.07,
88,113025,明泰转债,111.280,0.03%,明泰铝业,10.71,-0.37%,0.94,11.300,94.78,17.41%,购买,AA,购买,7.91,14.69,27.9%,会员,25-04-09,5.329,0.72%,0.19%,购买,278.21,
89,110047,山鹰转债,115.100,0.16%,山鹰纸业 R,3.27,-0.30%,1.06,3.340,97.90,17.57%,购买,AA+,购买,2.34,4.34,15.3%,会员,24-11-21,4.948,0.53%,-0.11%,购买,1159.50,
90,113509,新泉转债,118.000,0.10%,新泉股份,18.92,-0.89%,2.68,18.890*,100.16,17.81%,购买,AA,购买,13.22,24.56,10.4%,会员,24-06-03,4.479,-1.42%,-1.86%,购买,168.37,
91,110061,川投转债,115.830,-0.24%,川投能源 R,9.75,-0.71%,1.64,9.920,98.29,17.85%,购买,AAA,购买,6.94,12.90,9.3%,会员,25-11-10,5.918,-0.73%,-1.07%,购买,2710.70,
92,123009,星源转债,111.611,0.46%,星源材质,25.22,-0.90%,2.30,26.640,94.67,17.89%,购买,AA,购买,18.65,34.63,8.3%,会员,24-03-07,4.238,-0.28%,-0.73%,购买,1165.16,
93,113541,荣晟转债,102.030,-0.36%,荣晟环保,16.19,-1.22%,2.01,18.720,86.49,17.97%,购买,AA-,购买,13.10,24.34,11.5%,会员,25-07-22,5.614,2.28%,1.77%,购买,99.00,
94,128049,华源转债,100.255,-0.15%,华源控股,6.39,0.31%,1.32,7.520,84.97,17.99%,购买,AA-,购买,5.26,9.78,20.1%,会员,24-11-27,4.964,2.90%,2.32%,购买,67.60,
95,120003,19华菱EBQ,110.860,0.01%,华菱钢铁 R,4.63,0.00%,0.94,4.930,93.91,18.05%,购买,AAA,购买,3.45,6.41,10.2%,会员,24-11-25,4.959,0.57%,0.06%,购买,725.30,
96,110053,苏银转债,111.930,0.26%,江苏银行 R,7.15,0.28%,0.63,7.560,94.58,18.34%,购买,AAA,购买,-,9.83,24.2%,会员,25-03-13,5.255,1.25%,0.60%,购买,3431.12,
97,128029,太阳转债,125.800,1.33%,太阳纸业 R,9.18,0.66%,1.71,8.650,106.13,18.53%,购买,AA+,购买,6.05,11.24,5.0%,会员,22-12-22,3.030,-4.88%,-5.36%,购买,4.36,
98,128075,远东转债,106.915,-0.62%,远东传动,5.22,-0.38%,1.04,5.790,90.16,18.58%,购买,AA,购买,4.05,7.53,30.5%,会员,25-09-23,5.786,1.32%,0.84%,购买,471.70,
99,113504,艾华转债,112.870,0.42%,艾华集团 R,20.38,1.34%,3.68,21.430*,95.10,18.69%,购买,AA,购买,15.00,27.86,8.7%,会员,24-03-01,4.222,-0.45%,-0.92%,购买,148.95,
100,113547,索发转债,109.850,0.32%,索通发展,9.84,0.00%,1.33,10.670,92.22,19.12%,购买,AA,购买,7.47,13.87,28.5%,会员,25-10-23,5.868,1.42%,0.84%,购买,1273.01,
101,123028,清水转债,102.100,-0.10%,清水源,10.24,0.20%,1.39,11.950,85.69,19.15%,购买,AA-,购买,8.37,15.54,21.9%,会员,25-06-18,5.521,3.43%,2.70%,购买,214.99,
102,128063,未来转债,105.392,0.09%,德尔未来 R,7.65,-2.05%,2.80,8.670,88.24,19.44%,购买,AA-,购买,6.07,11.27,12.3%,会员,25-04-03,5.312,3.95%,3.02%,购买,242.43,
103,128016,雨虹转债,125.000,0.00%,东方雨虹 R,23.36,-0.13%,3.77,22.400,104.29,19.86%,购买,AA+,购买,15.68,29.12,5.3%,会员,23-09-25,3.789,-3.42%,-3.87%,购买,361.97,
104,128048,张行转债,110.350,-0.39%,张家港行 R,5.44,0.18%,0.95,5.910,92.05,19.88%,购买,AA+,购买,-,7.68,25.4%,会员,24-11-12,4.923,0.66%,0.14%,购买,182.77,
105,128040,华通转债,105.661,-0.60%,华通医药,10.02,-0.99%,3.15,11.370,88.13,19.89%,购买,AA-,购买,7.96,14.78,10.6%,会员,24-06-13,4.507,1.51%,0.98%,购买,103.21,
106,113517,曙光转债,116.510,0.12%,中科曙光 R,35.48,1.78%,8.01,36.530,97.13,19.95%,购买,AA,购买,25.57,47.49,3.5%,会员,24-08-06,4.655,-0.69%,-1.18%,购买,240.04,
107,127012,招路转债,109.000,-0.29%,招商公路,8.24,-0.36%,1.05,9.090,90.65,20.24%,购买,AAA,购买,6.36,11.82,9.8%,会员,25-03-21,5.277,-0.12%,-0.42%,购买,732.65,
108,113545,金能转债,106.490,-0.36%,金能科技 R,10.22,-0.58%,1.27,11.550,88.48,20.35%,购买,AA,购买,8.09,15.02,21.7%,会员,25-10-13,5.841,1.40%,0.92%,购买,830.67,
109,127003,海印转债,103.690,-0.06%,海印股份 R,2.59,0.78%,1.57,3.010**,86.05,20.50%,购买,AA,购买,2.11,3.91,16.3%,会员,22-06-08,2.490,3.69%,2.68%,购买,95.02,
110,132020,19蓝星EBQ,108.500,0.18%,安迪苏 R,10.42,0.19%,2.02,11.560,90.14,20.54%,购买,AAA,购买,8.09,15.03,16.1%,会员,24-10-18,4.855,1.01%,0.49%,购买,2281.45,
111,110041,蒙电转债,114.700,-0.34%,内蒙华电 R,2.68,-1.11%,1.12,2.820,95.04,20.69%,购买,AAA,购买,1.97,3.67,12.0%,会员,23-12-21,4.027,-0.85%,-1.34%,购买,200.74,
112,113503,泰晶转债,112.480,0.92%,泰晶科技,16.68,1.34%,3.79,17.900,93.18,20.71%,购买,AA,购买,12.53,23.27,2.3%,会员,23-12-15,4.011,0.10%,-0.49%,购买,1005.49,
113,113534,鼎胜转债,99.170,0.08%,鼎胜新材,12.55,-0.71%,1.44,15.280*,82.13,20.75%,购买,AA,购买,10.70,19.86,23.2%,会员,25-04-08,5.326,2.93%,2.39%,购买,1138.47,
114,127014,北方转债,112.141,-0.30%,北方国际,8.21,-0.85%,1.37,8.840,92.87,20.75%,购买,AA+,购买,6.19,11.49,9.1%,会员,25-10-23,5.868,0.53%,0.05%,购买,107.21,
115,113027,华钰转债,102.000,-0.01%,华钰矿业 R,8.59,-0.69%,2.11,10.170,84.46,20.77%,购买,AA,购买,7.12,13.22,14.2%,会员,25-06-13,5.507,2.28%,1.77%,购买,306.63,
116,127007,湖广转债,107.261,-0.04%,湖北广电 R,4.98,0.00%,0.70,5.610*,88.77,20.83%,购买,AA+,购买,3.93,7.29,27.5%,会员,24-06-28,4.548,1.20%,0.66%,购买,4.91,
117,113524,奇精转债,101.730,-0.20%,奇精机械,12.24,-1.29%,2.24,14.560,84.07,21.01%,购买,AA,购买,10.19,18.93,13.9%,会员,24-12-14,5.011,3.13%,2.46%,购买,79.86,
118,113008,电气转债,110.830,-0.54%,上海电气 R,4.69,-0.64%,1.15,5.130*,91.42,21.23%,购买,AAA,购买,3.59,6.67,6.3%,会员,21-02-02,1.145,-2.18%,-3.47%,购买,216.56,
119,128044,岭南转债,99.230,-0.12%,岭南股份,4.84,0.83%,1.57,5.920*,81.76,21.37%,购买,AA,购买,4.14,7.70,8.9%,会员,24-08-14,4.677,2.63%,2.15%,购买,148.42,
120,128070,智能转债,102.331,-0.07%,智能自控,8.05,-0.25%,3.66,9.550,84.29,21.40%,购买,A+,购买,-,12.41,8.6%,会员,25-07-02,5.559,2.67%,2.08%,购买,76.26,
121,110042,航电转债,115.300,-0.29%,中航电子 R,13.44,-0.52%,3.05,14.180,94.78,21.65%,购买,AAA,购买,9.93,18.43,10.1%,会员,23-12-24,4.036,-1.23%,-1.67%,购买,71.97,
122,128056,今飞转债,97.857,-0.05%,今飞凯达,5.44,0.18%,1.87,6.780,80.24,21.96%,购买,A+,购买,4.75,8.81,18.0%,会员,25-02-28,5.219,4.37%,3.61%,购买,120.72,
123,113516,苏农转债,107.590,0.06%,苏农银行 R,5.00,-0.40%,0.79,5.670,88.18,22.01%,购买,AA+,购买,-,7.37,14.3%,会员,24-08-01,4.641,1.50%,0.90%,购买,429.89,
124,128058,拓邦转债,115.895,0.17%,拓邦股份,5.25,0.19%,2.18,5.540,94.77,22.29%,购买,AA,购买,3.88,7.20,10.7%,会员,25-03-07,5.238,1.17%,0.42%,购买,7.07,
125,123025,精测转债,115.555,0.91%,精测电子 R,47.45,3.83%,8.36,50.250,94.43,22.37%,购买,AA-,购买,35.17,65.33,3.2%,会员,25-03-28,5.296,0.37%,-0.22%,购买,337.63,
126,123035,利德转债,114.565,0.31%,利亚德 R,6.58,1.23%,2.01,7.040,93.47,22.57%,购买,AA+,购买,4.93,9.15,4.8%,会员,25-11-13,5.926,0.15%,-0.32%,购买,1392.18,
127,123029,英科转债,114.781,-0.02%,英科医疗,15.21,-0.33%,2.13,16.250,93.60,22.63%,购买,AA-,购买,11.38,21.12,15.6%,会员,25-08-15,5.679,3.50%,2.41%,购买,317.56,
128,113543,欧派转债,120.320,0.16%,欧派家居 R,99.29,0.80%,4.62,101.460,97.86,22.95%,购买,AA,购买,71.02,131.90,3.6%,会员,25-08-15,5.679,-0.76%,-1.24%,购买,52.72,
129,113542,好客转债,107.690,0.04%,好莱客,14.55,-0.95%,1.78,16.620,87.55,23.00%,购买,AA,购买,11.63,21.61,14.0%,会员,25-07-31,5.638,1.24%,0.75%,购买,194.11,
130,132014,18中化EBQ,102.410,0.00%,中国化学 R,6.31,0.16%,0.90,7.540,83.69,23.06%,购买,AAA,购买,5.28,9.80,11.2%,会员,23-04-24,3.367,1.90%,1.35%,购买,0.00,
131,128036,金农转债,107.110,0.22%,金新农 R,8.26,0.12%,2.08,9.620,85.86,24.75%,购买,AA-,购买,6.73,12.51,4.1%,会员,24-03-09,4.244,0.84%,0.36%,购买,63.79,
132,128021,兄弟转债,110.600,0.18%,兄弟科技,4.62,0.87%,1.82,5.250*,88.00,25.68%,购买,AA,购买,3.67,6.83,12.1%,会员,23-11-28,3.964,-0.19%,-0.64%,购买,266.53,
133,113519,长久转债,108.250,-0.40%,长久物流,10.16,0.00%,2.17,11.850,85.74,26.25%,购买,AA,购买,8.29,15.40,12.2%,会员,24-11-07,4.910,2.18%,1.46%,购买,98.83,
134,123032,万里转债,100.036,-0.12%,万里马,5.48,0.00%,3.39,6.920,79.19,26.32%,购买,A+,购买,4.84,9.00,10.5%,会员,25-10-10,5.833,5.16%,4.20%,购买,304.37,
135,128080,顺丰转债,114.971,0.00%,顺丰控股 R,36.67,-0.95%,4.08,40.410,90.74,26.70%,购买,AAA,购买,28.29,52.53,4.0%,会员,25-11-18,5.940,-0.87%,-1.16%,购买,10219.99,
136,110043,无锡转债,103.320,-0.15%,无锡银行,5.31,0.19%,0.87,6.520*,81.44,26.87%,购买,AA+,购买,-,8.48,30.6%,会员,24-01-30,4.137,1.51%,1.06%,购买,808.12,
137,123023,迪森转债,98.500,-0.06%,迪森股份,5.57,0.00%,1.30,7.190,77.47,27.15%,购买,AA,购买,5.03,9.35,29.7%,会员,25-03-20,5.274,3.10%,2.55%,购买,169.07,
138,123010,博世转债,102.741,0.20%,博世科,9.99,-0.20%,2.03,12.380*,80.69,27.33%,购买,AA-,购买,8.67,16.09,12.1%,会员,24-07-05,4.567,2.13%,1.60%,购买,98.33,
139,110057,现代转债,107.640,-0.15%,现代制药,8.44,0.24%,1.15,9.990,84.48,27.41%,购买,AAA,购买,6.99,12.99,18.6%,会员,25-03-31,5.304,0.59%,0.20%,购买,129.43,
140,110055,伊力转债,109.440,-0.05%,伊力特 R,14.79,-0.54%,2.41,17.250,85.74,27.64%,购买,AA,购买,12.07,22.43,13.4%,会员,25-03-15,5.260,1.05%,0.52%,购买,41.39,
141,128045,机电转债,114.489,0.00%,中航机电 R,6.84,0.29%,2.57,7.630,89.65,27.71%,购买,AAA,购买,5.34,9.92,8.5%,会员,24-08-27,4.712,-0.90%,-1.28%,购买,0.00,
142,113525,台华转债,103.860,-0.52%,台华新材,6.59,-0.30%,1.91,8.110,81.26,27.81%,购买,AA,购买,5.68,10.54,10.5%,会员,24-12-16,5.016,2.15%,1.59%,购买,79.12,
143,113510,再升转债,106.040,-0.42%,再升科技 R,7.08,-2.07%,3.59,8.590,82.42,28.66%,购买,AA-,购买,6.87,11.17,2.3%,会员,24-06-18,4.521,1.43%,0.89%,购买,16.60,
144,113544,桃李转债,117.610,0.26%,桃李面包 R,43.40,0.46%,7.93,47.540,91.29,28.83%,购买,AA,购买,33.28,61.80,3.5%,会员,25-09-19,5.775,-0.35%,-0.82%,购买,184.34,
145,113532,海环转债,103.230,-0.29%,海峡环保,6.20,-0.16%,1.69,7.750,80.00,29.04%,购买,AA,购买,5.42,10.07,16.5%,会员,25-04-01,5.307,1.81%,1.34%,购买,37.36,
146,123024,岱勒转债,98.978,-0.21%,岱勒新材,19.04,-1.40%,2.79,24.900,76.47,29.43%,购买,A+,购买,17.43,32.37,13.4%,会员,24-03-21,4.277,3.28%,2.69%,购买,11.96,
147,110058,永鼎转债,101.780,0.68%,永鼎股份 R,4.98,0.40%,2.24,6.350,78.43,29.77%,购买,AA,购买,4.45,8.26,15.8%,会员,25-04-15,5.345,2.41%,1.88%,购买,2851.97,
148,123013,横河转债,100.823,-0.30%,横河模具,7.12,-0.70%,3.22,9.220,77.22,30.57%,购买,A+,购买,6.45,11.99,2.4%,会员,24-07-26,4.625,3.16%,2.51%,购买,6.36,
149,113021,中信转债,108.340,0.11%,中信银行 R,5.98,0.00%,0.62,7.220,82.83,30.80%,购买,AAA,购买,-,9.39,13.7%,会员,25-03-03,5.227,1.88%,1.22%,购买,400.73,
150,128017,金禾转债,116.005,-0.08%,金禾实业 R,20.24,0.90%,2.70,22.960,88.15,31.60%,购买,AA,购买,16.07,29.85,5.3%,会员,23-11-01,3.890,-1.43%,-1.88%,购买,71.65,
151,113026,核能转债,105.650,0.17%,中国核电 R,4.95,0.20%,1.57,6.200,79.84,32.33%,购买,AAA,购买,4.34,8.06,10.1%,会员,25-04-14,5.342,0.77%,0.42%,购买,159.92,
152,113016,小康转债,97.480,0.21%,小康股份 R,12.60,-0.24%,2.29,17.120*,73.60,32.45%,购买,AA,购买,11.98,22.26,7.4%,会员,23-11-06,3.904,3.28%,2.76%,购买,66.25,
153,113013,国君转债,119.100,-0.01%,国泰君安 R,17.43,-0.23%,1.15,19.400,89.85,32.55%,购买,AAA,购买,-,25.22,4.5%,会员,23-07-06,3.567,-2.42%,-2.89%,购买,563.98,
154,110059,浦发转债,104.780,0.11%,浦发银行 R,11.89,-0.75%,0.65,15.050,79.00,32.63%,购买,AAA,购买,-,19.57,14.3%,会员,25-10-27,5.879,2.06%,1.51%,购买,26744.98,
155,110051,中天转债,104.280,-0.21%,中天科技 R,8.01,-0.99%,1.20,10.190,78.61,32.65%,购买,AA+,购买,7.13,13.25,16.1%,会员,25-02-28,5.219,1.81%,1.30%,购买,777.22,
156,123004,铁汉转债,99.290,0.20%,铁汉生态 R,2.97,-1.33%,1.08,3.980*,74.62,33.06%,购买,AA,购买,2.79,5.17,12.0%,会员,23-12-18,4.019,2.71%,2.21%,购买,426.63,
157,128064,司尔转债,97.725,-0.21%,司尔特 R,4.51,-0.66%,0.85,6.150,73.33,33.27%,购买,AA,购买,4.30,8.00,24.7%,会员,25-04-08,5.326,3.22%,2.68%,购买,318.94,
158,113528,长城转债,98.070,-0.33%,长城科技,17.64,-0.79%,1.67,24.030,73.41,33.59%,购买,AA-,购买,16.82,31.24,20.1%,会员,25-03-01,5.222,3.72%,3.07%,购买,85.43,
159,127005,长证转债,114.150,-0.04%,长江证券 R,6.30,0.16%,1.25,7.430,84.79,34.63%,购买,AAA,购买,-,9.66,14.4%,会员,24-03-12,4.252,-0.95%,-1.37%,购买,503.44,
160,128033,迪龙转债,99.210,-0.31%,雪迪龙,6.53,-0.76%,1.89,8.930*,73.12,35.68%,购买,AA,购买,6.25,11.61,13.2%,会员,23-12-27,4.044,2.71%,2.22%,购买,43.32,
161,113505,杭电转债,99.500,0.08%,杭电股份 R,5.30,0.19%,1.40,7.240,73.20,35.93%,购买,AA,购买,5.07,9.41,20.5%,会员,24-03-05,4.233,3.08%,2.50%,购买,145.41,
162,128067,一心转债,112.370,-0.17%,一心堂 R,22.30,-0.31%,2.84,27.280,81.74,37.47%,购买,AA,购买,19.10,35.46,4.8%,会员,25-04-19,5.356,0.14%,-0.31%,购买,22.47,
163,127006,敖东转债,105.200,-0.27%,吉林敖东 R,15.62,-0.13%,0.82,20.620,75.75,38.88%,购买,AA+,购买,14.43,26.81,13.3%,会员,24-03-13,4.255,0.72%,0.34%,购买,206.90,
164,123007,道氏转债,103.506,0.41%,道氏技术,11.21,0.27%,2.14,15.050*,74.49,38.95%,购买,AA-,购买,10.54,19.57,5.9%,会员,23-12-28,4.047,2.02%,1.45%,购买,58.27,
165,113017,吉视转债,98.740,0.47%,吉视传媒 R,2.09,-0.48%,0.92,2.950,70.85,39.36%,购买,AA+,购买,2.06,3.83,24.0%,会员,23-12-27,4.044,2.84%,2.34%,购买,108.38,
166,113009,广汽转债,114.000,0.51%,广汽集团 R,11.73,0.43%,1.51,14.410,81.40,40.05%,购买,AAA,购买,10.09,18.73,2.1%,会员,22-01-22,2.115,-2.14%,-2.91%,购买,163.57,
167,128072,翔鹭转债,105.650,-0.35%,翔鹭钨业,11.46,0.00%,3.43,15.360,74.61,41.60%,购买,AA-,购买,10.75,19.97,9.6%,会员,25-08-19,5.690,1.61%,1.11%,购买,11.79,
168,113535,大业转债,98.270,0.05%,大业股份,8.70,0.00%,1.49,12.560,69.27,41.87%,购买,AA,购买,8.79,16.33,19.8%,会员,24-05-08,4.408,3.37%,2.79%,购买,146.33,
169,128018,时达转债,95.610,-0.30%,新时达,5.00,0.20%,1.16,7.450*,67.11,42.47%,购买,AA,购买,5.21,9.69,28.5%,会员,23-11-06,3.904,3.80%,3.28%,购买,55.86,
170,128022,众信转债,99.960,0.46%,众信旅游,5.52,-0.36%,1.98,7.910*,69.79,43.23%,购买,AA,购买,5.54,10.28,14.4%,会员,23-12-01,3.973,2.43%,1.96%,购买,149.42,
171,128050,钧达转债,97.093,-0.30%,钧达股份,14.68,-0.94%,2.03,21.660,67.77,43.27%,购买,AA-,购买,15.16,28.16,18.0%,会员,24-12-10,5.000,5.03%,4.19%,购买,154.08,
172,113508,新凤转债,104.550,-0.43%,新凤鸣,11.57,-0.43%,1.75,15.910,72.72,43.77%,购买,AA,购买,11.14,20.68,13.3%,会员,24-04-25,4.373,1.79%,1.24%,购买,270.47,
173,128065,雅化转债,96.901,-0.02%,雅化集团 R,6.02,0.00%,1.99,8.960,67.19,44.22%,购买,AA,购买,6.27,11.65,13.9%,会员,25-04-16,5.348,2.68%,2.27%,购买,203.98,
174,113527,维格转债,91.690,0.20%,锦泓集团,6.64,-0.90%,0.66,10.520,63.12,45.26%,购买,AA,购买,7.36,13.68,44.5%,会员,25-01-23,5.121,5.65%,4.89%,购买,1395.75,
175,113024,核建转债,103.310,-0.16%,中国核建 R,7.00,0.43%,1.22,9.870,70.92,45.67%,购买,AAA,购买,6.91,12.83,16.3%,会员,25-04-07,5.323,1.19%,0.84%,购买,111.32,
176,110034,九州转债,106.970,0.12%,九州通 R,13.22,-1.93%,1.39,18.320,72.16,48.24%,购买,AA+,购买,12.82,23.82,6.0%,会员,22-01-15,2.096,1.54%,0.61%,购买,11.98,
177,128046,利尔转债,106.500,0.85%,利尔化学 R,13.29,6.07%,2.12,18.620,71.37,49.22%,购买,AA,购买,13.03,24.21,12.2%,会员,24-10-17,4.852,1.23%,0.74%,购买,756.72,
178,132009,17中油EB,98.950,0.03%,中国石油 R,5.64,-0.18%,0.84,8.540,66.04,50.47%,购买,AAA,购买,5.98,11.10,1.0%,会员,22-07-13,2.586,3.31%,2.70%,购买,2872.98,
179,128042,凯中转债,99.815,-0.20%,凯中精密,8.60,-0.23%,1.93,13.010,66.10,51.01%,购买,AA,购买,9.11,16.91,16.7%,会员,24-07-30,4.636,3.54%,2.86%,购买,172.88,
180,128015,久其转债,95.815,0.13%,久其软件,5.93,1.54%,3.80,9.480*,62.55,53.18%,购买,A+,购买,6.64,12.32,18.5%,会员,23-06-08,3.490,4.61%,3.95%,购买,547.88,
181,128035,大族转债,111.500,1.32%,大族激光 R,37.80,0.27%,4.62,52.300,72.28,54.26%,购买,AA+,购买,36.61,67.99,5.7%,会员,24-02-06,4.156,-0.69%,-1.06%,购买,296.30,
182,113022,浙商转债,105.930,0.05%,浙商证券 R,8.55,-0.58%,1.94,12.460,68.62,54.37%,购买,AAA,购买,-,16.20,12.3%,会员,25-03-12,5.252,0.73%,0.38%,购买,967.98,
183,113012,骆驼转债,101.700,0.21%,骆驼股份 R,8.70,0.00%,1.19,13.290*,65.46,55.36%,购买,AA,购买,9.30,17.28,6.8%,会员,23-03-24,3.282,2.12%,1.60%,购买,19.51,
184,110045,海澜转债,99.500,-0.32%,海澜之家 R,7.64,-0.13%,2.56,12.020,63.56,56.54%,购买,AA+,购买,8.41,15.63,8.7%,会员,24-07-13,4.589,2.57%,2.09%,购买,95.88,
185,127011,中鼎转2,108.390,0.00%,中鼎股份 R,8.13,-0.37%,1.13,11.790,68.96,57.18%,购买,AA+,购买,8.25,15.33,12.1%,会员,25-03-08,5.241,1.28%,0.74%,购买,34.95,
186,132015,18中油EB,98.800,0.11%,中国石油 R,5.64,-0.18%,0.84,8.980,62.81,59.22%,购买,AAA,购买,6.29,11.67,1.9%,会员,23-02-01,3.142,3.34%,2.68%,购买,4681.29,
187,128026,众兴转债,93.148,0.02%,众兴菌业,6.73,-0.88%,0.95,11.540,58.32,59.72%,购买,AA-,购买,8.08,15.00,37.2%,会员,23-12-13,4.005,4.57%,4.02%,购买,233.09,
188,132013,17宝武EBQ,100.960,0.01%,宝钢股份 R,5.60,-1.06%,0.71,9.050,61.88,63.24%,购买,AAA,购买,-,-,12.0%,会员,20-11-24,0.953,3.10%,2.27%,购买,1026.95,
189,128028,赣锋转债,108.510,0.48%,赣锋锂业 R,28.10,1.55%,4.47,42.280,66.46,63.27%,购买,AA,购买,29.60,54.96,2.6%,会员,23-12-21,4.027,0.30%,-0.16%,购买,740.48,
190,132004,15国盛EB,99.400,0.00%,上海建工 R,3.48,-0.29%,0.96,5.800*,60.00,65.84%,购买,AAA,购买,4.06,7.54,16.1%,会员,21-11-05,1.901,2.88%,2.36%,购买,952.91,
191,128014,永东转债,99.225,0.04%,永东股份,7.53,0.13%,1.94,12.640,59.57,66.57%,购买,AA-,购买,8.85,16.43,11.9%,会员,23-04-17,3.348,3.85%,3.14%,购买,61.30,
192,128032,双环转债,97.170,0.50%,双环传动,5.34,-0.56%,1.00,9.930,53.78,80.68%,购买,AA,购买,6.95,12.91,27.3%,会员,23-12-25,4.038,3.38%,2.85%,购买,307.17,
193,127004,模塑转债,95.512,0.00%,模塑科技 R,4.01,-0.99%,1.41,7.590,52.83,80.79%,购买,AA,购买,5.31,9.87,24.5%,会员,23-06-02,3.474,5.42%,4.62%,购买,182.20,
194,110038,济川转债,105.930,-0.04%,济川药业 R,22.10,0.45%,3.10,38.810,56.94,86.04%,购买,AA,购买,19.41,48.51,3.5%,会员,22-11-12,2.921,0.77%,0.23%,购买,9.22,
195,113014,林洋转债,99.190,0.14%,林洋能源 R,4.51,-0.44%,0.77,8.590,52.50,88.93%,购买,AA,购买,6.01,11.17,37.8%,会员,23-10-27,3.877,2.83%,2.31%,购买,48.28,
196,113502,嘉澳转债,97.150,0.03%,嘉澳环保,22.66,0.89%,2.14,45.040,50.31,93.10%,购买,AA-,购买,31.53,58.55,11.1%,会员,23-11-09,3.912,3.85%,3.24%,购买,16.51,
197,128023,亚太转债,93.690,0.08%,亚太股份,4.91,-1.21%,1.33,10.340,47.49,97.28%,购买,AA,购买,7.24,13.44,27.6%,会员,23-12-04,3.981,4.75%,4.14%,购买,85.00,
198,132008,17山高EB,101.400,0.04%,山东高速 R,4.88,1.04%,0.83,9.400,51.91,97.43%,购买,AAA,购买,6.58,12.22,10.6%,会员,22-04-24,2.367,3.54%,2.63%,购买,406.46,
199,132007,16凤凰EBQ,100.050,0.00%,凤凰传媒 R,7.29,-0.82%,1.35,14.800,49.26,103.35%,购买,AAA,购买,11.84,19.24,27.0%,会员,21-10-31,1.888,3.58%,2.85%,购买,800.40,
200,128037,岩土转债,95.051,-0.09%,中化岩土,3.71,1.09%,1.67,8.010,46.32,105.21%,购买,AA,购买,5.61,10.41,9.0%,会员,24-03-15,4.260,4.19%,3.60%,购买,254.01,
201,128062,亚药转债,89.960,-0.10%,亚太药业 R,6.81,0.44%,1.35,16.250,41.91,114.65%,购买,AA,购买,11.38,21.12,26.4%,会员,25-04-02,5.310,5.71%,5.00%,购买,485.04,
202,110031,航信转债,114.100,0.02%,航天信息 R,21.80,0.46%,3.51,41.940,51.98,119.51%,购买,AAA,购买,29.36,54.52,5.9%,会员,21-06-12,1.501,-3.33%,-4.34%,购买,28.19,
203,128013,洪涛转债,96.949,-0.19%,洪涛股份 R,3.06,-0.33%,1.16,8.000*,38.25,153.46%,购买,AA,购买,5.60,10.40,31.4%,会员,22-07-29,2.630,5.49%,4.64%,购买,787.14,
204,128010,顺昌转债,104.521,0.02%,澳洋顺昌,3.80,-1.04%,1.79,9.260,41.04,154.68%,购买,AA,购买,6.48,12.04,13.7%,会员,22-01-22,2.115,3.04%,2.02%,购买,50.82,
205,128012,辉丰转债,98.999,-0.24%,辉丰股份,2.85,-1.38%,1.45,7.710,36.96,167.85%,购买,A+,购买,5.40,10.02,19.7%,会员,22-04-21,2.359,2.82%,2.34%,购买,301.75,
206,132011,17浙报EBQ,96.120,0.13%,浙数文化 R,8.46,-0.12%,1.39,24.180,34.99,175.63%,购买,AAA,购买,16.93,31.43,21.8%,会员,22-08-17,2.682,3.63%,3.17%,购买,121.40,
