code,name
601888,中国国旅
603288,海天味业
300015,爱尔眼科
300122,智飞生物
002032,苏泊尔
600585,海螺水泥
600436,片仔癀
002410,广联达
600588,用友网络
600406,国电南瑞
002027,分众传媒
000002,万科A
000333,美的集团
000581,威孚高科
000651,格力电器
000826,启迪桑德
000848,承德露露
000895,双汇发展
000957,中通客车
002027,分众传媒
002081,金螳螂
002138,顺络电子
002179,中航光电
002271,东方雨虹
002279,久其软件
002294,信立泰
002304,洋河股份
002352,顺丰控股
002372,伟星新材
002396,星网锐捷
002415,海康威视
002508,老板电器
002573,清新环境
002603,以岭医药
002677,浙江美大
002690,美亚光电
002714,牧原股份
002745,木林森
022518,科士达
300033,同花顺
300059,东方财富
300124,汇川技术
300133,顺网科技
300144,宋城演艺
300188,美亚柏科
300267,尔康制药
300296,利亚德
300327,中颖电子
300376,易事特
300383,光环新网
300450,先导智能
300557,理工光科
300584,海辰药业
300633,开立医疗
300642,透景生命
300760,迈瑞医疗
600031,三一重工
600036,招商银行
600066,宇通客车
600177,雅戈尔
600276,恒瑞医药
600298,安琪酵母
600315,上海家化
600340,华夏幸福
600346,恒力股份
600398,海澜之家
600487,亨通光电
600519,贵州茅台
600587,新华医疗
600660,福耀玻璃
600664,哈药股份
600887,伊利股份
600894,广日股份
600993,马应龙
601098,中南传媒
601318,中国平安
603156,养元饮品
603288,海天味业
603387,基蛋生物
603568,伟明环保
603611,诺力股份
603660,苏州科达
603866,桃李面包
603868,飞科电器
688299,长阳科技
688023,安恒信息
688358,祥生医疗
688030,山石网科
688108,赛诺医疗
688169,石头科技
688301,奕瑞科技
688607,康众医疗