date,open,close,high,low,volume,money
2017-08-03,1.014,0.998,1.021,0.998,253039675.0,256241188.0
2017-08-04,0.999,0.998,1.004,0.996,12920761.0,12934325.0
2017-08-07,0.998,0.994,0.999,0.988,8036490.0,7983500.0
2017-08-08,0.993,0.992,0.996,0.99,4904434.0,4867036.0
2017-08-09,0.996,0.979,0.996,0.977,5578344.0,5487650.0
2017-08-10,0.979,0.975,0.983,0.969,7059309.0,6873011.0
2017-08-11,0.969,0.962,0.971,0.953,6292010.0,6033416.0
2017-08-14,0.955,0.963,0.967,0.952,5383738.0,5148105.0
2017-08-15,0.963,0.972,0.98,0.961,4295966.0,4185613.0
2017-08-16,0.969,0.967,0.969,0.962,1644360.0,1590339.0
2017-08-17,0.966,0.968,0.968,0.963,2597502.0,2508482.0
2017-08-18,0.961,0.969,0.973,0.961,2673183.0,2582072.0
2017-08-21,0.969,0.969,0.97,0.964,2369827.0,2291589.0
2017-08-22,0.967,0.974,0.974,0.965,3310340.0,3215285.0
2017-08-23,0.974,0.986,0.993,0.974,9220474.0,9085233.0
2017-08-24,0.988,0.988,0.999,0.986,10220892.0,10141897.0
2017-08-25,0.993,1.017,1.019,0.992,86369069.0,86957997.0
2017-08-28,1.019,1.025,1.038,1.018,77781491.0,79698461.0
2017-08-29,1.022,1.025,1.027,1.017,18138575.0,18535927.0
2017-08-30,1.025,1.016,1.035,1.014,16835220.0,17228142.0
2017-08-31,1.017,1.008,1.018,1.0,26518001.0,26695371.0
2017-09-01,1.007,1.003,1.012,0.998,16057731.0,16133331.0
2017-09-04,1.001,1.009,1.009,0.995,19937369.0,20016489.0
2017-09-05,1.009,1.017,1.021,0.999,15809811.0,16057225.0
2017-09-06,1.012,1.011,1.015,1.008,5890120.0,5958620.0
2017-09-07,1.011,1.001,1.013,1.001,7016935.0,7066015.0
2017-09-08,1.0,1.002,1.008,0.999,6222715.0,6239665.0
2017-09-11,1.003,1.002,1.011,1.001,8766985.0,8825926.0
2017-09-12,1.003,1.003,1.004,0.997,12565452.0,12560780.0
2017-09-13,1.002,1.001,1.002,0.997,6206801.0,6207174.0
2017-09-14,0.999,0.991,1.0,0.99,11552538.0,11506079.0
2017-09-15,0.989,0.99,0.991,0.985,9434061.0,9314453.0
2017-09-18,0.987,0.99,0.993,0.987,8478013.0,8392576.0
2017-09-19,0.988,0.987,0.992,0.982,15526260.0,15322250.0
2017-09-20,0.988,0.988,0.991,0.984,7536279.0,7451504.0
2017-09-21,0.989,0.993,0.998,0.986,7970964.0,7911162.0
2017-09-22,0.991,0.993,1.0,0.991,7235712.0,7195524.0
2017-09-25,0.99,0.996,0.997,0.988,8619238.0,8554481.0
2017-09-26,0.995,0.992,0.995,0.991,6415868.0,6375929.0
2017-09-27,0.991,0.985,0.991,0.983,18586772.0,18316045.0
2017-09-28,0.984,0.981,0.986,0.979,9414353.0,9236431.0
2017-09-29,0.98,0.986,0.987,0.98,8335197.0,8208432.0
2017-10-09,1.017,0.999,1.021,0.995,22143870.0,22372001.0
2017-10-10,0.998,1.001,1.002,0.992,10406368.0,10376017.0
2017-10-11,1.0,1.003,1.008,0.999,6398617.0,6421077.0
2017-10-12,1.004,1.004,1.007,1.002,10257589.0,10300548.0
2017-10-13,1.004,1.002,1.005,1.001,3865851.0,3877035.0
2017-10-16,1.002,1.008,1.01,1.0,15543325.0,15635630.0
2017-10-17,1.004,1.007,1.011,1.004,5988607.0,6034409.0
2017-10-18,1.006,1.011,1.012,1.004,8056470.0,8125469.0
2017-10-19,1.01,1.01,1.013,1.008,12195042.0,12316262.0
2017-10-20,1.009,1.007,1.009,1.005,3018865.0,3040746.0
2017-10-23,1.007,1.0,1.007,0.999,10250184.0,10277614.0
2017-10-24,0.999,1.002,1.004,0.998,4762821.0,4765652.0
2017-10-25,1.001,1.001,1.001,0.998,2594800.0,2592599.0
2017-10-26,1.0,0.993,1.0,0.991,6635180.0,6596911.0
2017-10-27,0.994,1.009,1.009,0.993,16270261.0,16359143.0
2017-10-30,1.008,1.005,1.01,1.003,5013159.0,5046122.0
2017-10-31,1.003,0.998,1.003,0.997,3408937.0,3405666.0
2017-11-01,0.998,0.992,0.999,0.989,10054510.0,9980282.0
2017-11-02,0.991,0.99,0.992,0.984,6859979.0,6772076.0
2017-11-03,0.989,0.992,0.992,0.98,4656627.0,4591452.0
2017-11-06,0.989,0.983,0.989,0.98,4267282.0,4191221.0
2017-11-07,0.982,0.994,0.998,0.982,6626773.0,6567501.0
2017-11-08,0.994,0.995,1.003,0.993,8344795.0,8336624.0
2017-11-09,0.996,0.995,1.002,0.993,3727303.0,3715027.0
2017-11-10,0.998,0.99,0.998,0.985,9362597.0,9247255.0
2017-11-13,0.988,1.004,1.013,0.988,19921555.0,19999933.0
2017-11-14,1.003,0.999,1.005,0.998,5466244.0,5468006.0
2017-11-15,0.999,0.999,1.001,0.995,3397311.0,3390712.0
2017-11-16,0.999,0.992,0.999,0.99,9935905.0,9859741.0
2017-11-17,0.992,1.02,1.021,0.992,27544356.0,27785368.0
2017-11-20,1.012,1.036,1.036,1.012,19875585.0,20413516.0
2017-11-21,1.026,1.042,1.054,1.026,13310367.0,13904380.0
2017-11-22,1.045,1.064,1.076,1.045,12454292.0,13220136.0
2017-11-23,1.063,1.047,1.075,1.042,14489807.0,15423009.0
2017-11-24,1.049,1.056,1.063,1.043,6535747.0,6872149.0
2017-11-27,1.056,1.044,1.056,1.032,15242546.0,15858781.0
2017-11-28,1.041,1.032,1.044,1.027,8105483.0,8372916.0
2017-11-29,1.034,1.032,1.038,1.022,5956979.0,6125488.0
2017-11-30,1.029,1.029,1.036,1.023,7100292.0,7324248.0
2017-12-01,1.024,1.024,1.033,1.017,8830526.0,9031666.0
2017-12-04,1.021,1.025,1.027,1.018,5322742.0,5451721.0
2017-12-05,1.025,1.042,1.048,1.024,29351543.0,30432500.0
2017-12-06,1.039,1.031,1.039,1.023,5855520.0,6041289.0
2017-12-07,1.029,1.022,1.029,1.013,7759176.0,7925094.0
2017-12-08,1.021,1.021,1.023,1.016,14615916.0,14907919.0
2017-12-11,1.021,1.024,1.025,1.011,8463400.0,8621798.0
2017-12-12,1.022,1.011,1.023,1.01,4705170.0,4784149.0
2017-12-13,1.011,1.014,1.015,1.006,4807307.0,4855153.0
2017-12-14,1.013,1.011,1.02,1.009,6086005.0,6171474.0
2017-12-15,1.011,0.998,1.011,0.997,7552757.0,7566473.0
2017-12-18,0.996,1.003,1.005,0.996,6891154.0,6904284.0
2017-12-19,1.0,1.017,1.017,1.0,5997815.0,6054864.0
2017-12-20,1.014,1.014,1.019,1.011,2275016.0,2306409.0
2017-12-21,1.014,1.018,1.022,1.012,5101421.0,5193077.0
2017-12-22,1.019,1.013,1.019,1.012,2836478.0,2879401.0
2017-12-25,1.013,1.01,1.021,1.01,5720269.0,5820826.0
2017-12-26,1.014,1.021,1.022,1.009,5277768.0,5369910.0
2017-12-27,1.023,1.012,1.024,1.006,4144528.0,4214802.0
2017-12-28,1.01,1.011,1.013,1.006,3526725.0,3560501.0
2017-12-29,1.011,1.016,1.016,1.009,5022851.0,5082363.0
2018-01-02,1.016,1.028,1.038,1.016,11190017.0,11516181.0
2018-01-03,1.028,1.03,1.038,1.026,9835525.0,10160981.0
2018-01-04,1.031,1.029,1.034,1.026,6214353.0,6395942.0
2018-01-05,1.031,1.032,1.034,1.026,8583428.0,8846021.0
2018-01-08,1.032,1.029,1.032,1.025,14688918.0,15090118.0
2018-01-09,1.028,1.028,1.031,1.025,10833701.0,11138711.0
2018-01-10,1.028,1.052,1.053,1.026,17216326.0,17948468.0
2018-01-11,1.051,1.052,1.06,1.047,12720073.0,13408275.0
2018-01-12,1.052,1.057,1.064,1.052,8638155.0,9138179.0
2018-01-15,1.053,1.077,1.084,1.053,13116741.0,14073727.0
2018-01-16,1.078,1.081,1.082,1.069,11397665.0,12244849.0
2018-01-17,1.082,1.091,1.118,1.082,23630174.0,25931615.0
2018-01-18,1.097,1.113,1.114,1.096,34311789.0,37905259.0
2018-01-19,1.118,1.129,1.146,1.115,33961373.0,38369327.0
2018-01-22,1.118,1.114,1.139,1.109,26583455.0,29813555.0
2018-01-23,1.114,1.149,1.149,1.114,41133566.0,46552951.0
2018-01-24,1.153,1.154,1.177,1.146,37173644.0,43150494.0
2018-01-25,1.149,1.145,1.151,1.127,26305612.0,29954782.0
2018-01-26,1.145,1.149,1.165,1.141,26185783.0,30184424.0
2018-01-29,1.147,1.141,1.166,1.135,28032177.0,32206891.0
2018-01-30,1.135,1.119,1.141,1.119,16380417.0,18510283.0
2018-01-31,1.119,1.14,1.14,1.11,16757944.0,18938491.0
2018-02-01,1.141,1.152,1.155,1.135,29740450.0,34027649.0
2018-02-02,1.151,1.145,1.151,1.126,20081977.0,22881270.0
2018-02-05,1.138,1.186,1.187,1.131,37856589.0,44012714.0
2018-02-06,1.167,1.165,1.178,1.151,60135333.0,69977700.0
2018-02-07,1.178,1.131,1.195,1.125,60586933.0,70373988.0
2018-02-08,1.119,1.091,1.123,1.075,40937388.0,44904781.0
2018-02-09,1.057,1.057,1.07,1.018,53461118.0,55720508.0
2018-02-12,1.049,1.044,1.056,1.034,47928624.0,50083216.0
2018-02-13,1.053,1.06,1.072,1.051,19846588.0,21078818.0
2018-02-14,1.057,1.06,1.064,1.051,15878772.0,16825756.0
2018-02-22,1.078,1.084,1.087,1.076,21837698.0,23603117.0
2018-02-23,1.081,1.092,1.093,1.079,19507087.0,21212721.0
2018-02-26,1.094,1.092,1.104,1.085,15379630.0,16817726.0
2018-02-27,1.092,1.071,1.094,1.064,23546067.0,25319360.0
2018-02-28,1.059,1.055,1.062,1.05,21255737.0,22458023.0
2018-03-01,1.052,1.058,1.064,1.049,15781085.0,16688295.0
2018-03-02,1.054,1.049,1.056,1.044,15432677.0,16180000.0
2018-03-05,1.049,1.047,1.057,1.042,13217514.0,13845677.0
2018-03-06,1.051,1.051,1.055,1.038,28536764.0,29871781.0
2018-03-07,1.057,1.056,1.07,1.055,38816874.0,41235281.0
2018-03-08,1.057,1.056,1.059,1.047,15216259.0,16032153.0
2018-03-09,1.057,1.058,1.062,1.053,17345172.0,18323263.0
2018-03-12,1.06,1.054,1.065,1.053,29419072.0,31093727.0
2018-03-13,1.054,1.052,1.064,1.051,29774687.0,31509671.0
2018-03-14,1.051,1.044,1.052,1.039,19351950.0,20186217.0
2018-03-15,1.042,1.043,1.046,1.04,13949062.0,14543561.0
2018-03-16,1.044,1.033,1.044,1.032,15752960.0,16359481.0
2018-03-19,1.032,1.036,1.036,1.027,17119672.0,17677539.0
2018-03-20,1.032,1.041,1.043,1.03,20836766.0,21641578.0
2018-03-21,1.044,1.043,1.052,1.039,24120176.0,25261905.0
2018-03-22,1.042,1.036,1.046,1.031,17262398.0,17875896.0
2018-03-23,1.014,1.01,1.019,1.0,42592746.0,42964008.0
2018-03-26,1.002,0.988,1.005,0.981,22473416.0,22270253.0
2018-03-27,0.997,0.985,1.001,0.98,27480754.0,27204567.0
2018-03-28,0.984,0.985,0.999,0.979,25700978.0,25425210.0
2018-03-29,0.987,1.001,1.008,0.975,40316651.0,40069984.0
2018-03-30,1.0,0.993,1.002,0.991,21430292.0,21341934.0
2018-04-02,0.992,0.985,1.0,0.985,23068143.0,22875313.0
2018-04-03,0.979,0.974,0.981,0.973,32656240.0,31867306.0
2018-04-04,0.977,0.975,0.984,0.974,24936199.0,24428799.0
2018-04-09,0.974,0.977,0.981,0.972,18743210.0,18305692.0
2018-04-10,0.977,1.005,1.005,0.975,54539626.0,53939298.0
2018-04-11,1.004,1.016,1.025,1.003,50588853.0,51308471.0
2018-04-12,1.011,1.001,1.015,1.0,16323766.0,16423904.0
2018-04-13,1.004,0.995,1.01,0.994,14974290.0,14989967.0
2018-04-16,0.99,0.966,0.995,0.965,54170407.0,52784628.0
2018-04-17,0.97,0.962,0.974,0.96,29764678.0,28792515.0
2018-04-18,0.975,0.971,0.979,0.964,50289467.0,48858830.0
2018-04-19,0.967,0.975,0.982,0.967,41445730.0,40466970.0
2018-04-20,0.974,0.965,0.974,0.96,22618445.0,21833196.0
2018-04-23,0.965,0.97,0.974,0.962,38666867.0,37458051.0
2018-04-24,0.973,0.988,0.995,0.972,47550840.0,46877991.0
2018-04-25,0.984,0.978,0.986,0.976,27907532.0,27360612.0
2018-04-26,0.979,0.973,0.983,0.967,35051964.0,34087328.0
2018-04-27,0.972,0.976,0.977,0.964,31612716.0,30741229.0
2018-05-02,0.985,0.976,0.985,0.972,25144283.0,24604801.0
2018-05-03,0.976,0.974,0.976,0.964,24639536.0,23917408.0
2018-05-04,0.971,0.965,0.972,0.964,22593587.0,21864333.0
2018-05-07,0.965,0.971,0.971,0.961,37424674.0,36200570.0
2018-05-08,0.971,0.983,0.987,0.97,50201497.0,49152670.0
2018-05-09,0.982,0.984,0.984,0.977,18086028.0,17734036.0
2018-05-10,0.981,0.985,0.99,0.979,18225764.0,17941995.0
2018-05-11,0.986,0.988,0.992,0.982,36549491.0,36145478.0
2018-05-14,0.99,0.996,1.003,0.99,32996142.0,32900200.0
2018-05-15,0.998,0.993,0.998,0.988,24453871.0,24256045.0
2018-05-16,0.99,0.982,0.99,0.98,27334636.0,26923790.0
2018-05-17,0.98,0.978,0.983,0.975,17801776.0,17427485.0
2018-05-18,0.975,0.989,0.989,0.975,29535575.0,29009361.0
2018-05-21,0.992,0.99,0.998,0.988,21851988.0,21673732.0
2018-05-22,0.99,0.984,0.99,0.979,24730216.0,24294440.0
2018-05-23,0.982,0.973,0.982,0.972,18788250.0,18339691.0
2018-05-24,0.971,0.967,0.974,0.965,24229573.0,23474232.0
2018-05-25,0.969,0.965,0.97,0.962,17551955.0,16953537.0
2018-05-28,0.966,0.963,0.966,0.959,16998264.0,16356937.0
2018-05-29,0.963,0.959,0.963,0.95,38576187.0,36893273.0
2018-05-30,0.952,0.942,0.952,0.941,26350252.0,24938361.0
2018-05-31,0.946,0.95,0.953,0.942,23407344.0,22172347.0
2018-06-01,0.949,0.95,0.955,0.945,13560417.0,12880644.0
2018-06-04,0.952,0.959,0.96,0.95,26181402.0,25055343.0
2018-06-05,0.952,0.958,0.958,0.95,30728232.0,29344524.0
2018-06-06,0.957,0.948,0.957,0.947,46843580.0,44517934.0
2018-06-07,0.95,0.953,0.957,0.949,42832859.0,40814979.0
2018-06-08,0.951,0.937,0.951,0.934,43815130.0,41222016.0
2018-06-11,0.936,0.935,0.936,0.928,44858454.0,41849384.0
2018-06-12,0.936,0.937,0.939,0.931,21559696.0,20191390.0
2018-06-13,0.936,0.933,0.937,0.93,17059318.0,15929976.0
2018-06-14,0.93,0.933,0.938,0.929,21205905.0,19792575.0
2018-06-15,0.933,0.942,0.944,0.932,38084651.0,35812077.0
2018-06-19,0.936,0.932,0.941,0.923,50273953.0,46906939.0
2018-06-20,0.925,0.926,0.929,0.92,21425788.0,19823350.0
2018-06-21,0.928,0.923,0.933,0.921,29429281.0,27306304.0
2018-06-22,0.919,0.925,0.925,0.917,14574416.0,13421195.0
2018-06-25,0.929,0.906,0.93,0.906,25806101.0,23652435.0
2018-06-26,0.902,0.89,0.903,0.879,41206218.0,36616966.0
2018-06-27,0.889,0.877,0.891,0.872,42815243.0,37766936.0
2018-06-28,0.874,0.871,0.881,0.866,25928272.0,22632326.0
2018-06-29,0.873,0.884,0.885,0.873,31223371.0,27424923.0
2018-07-02,0.885,0.855,0.885,0.852,54095265.0,46833321.0
2018-07-03,0.855,0.859,0.861,0.845,48669532.0,41550849.0
2018-07-04,0.857,0.857,0.866,0.854,36896798.0,31728498.0
2018-07-05,0.857,0.861,0.865,0.852,23563182.0,20251517.0
2018-07-06,0.86,0.869,0.874,0.851,32176315.0,27819541.0
2018-07-09,0.868,0.897,0.898,0.868,44036254.0,38971517.0
2018-07-10,0.898,0.895,0.898,0.887,15377256.0,13726261.0
2018-07-11,0.887,0.883,0.887,0.877,18456356.0,16250269.0
2018-07-12,0.881,0.901,0.905,0.881,23800993.0,21347352.0
2018-07-13,0.903,0.897,0.903,0.895,19890527.0,17860742.0
2018-07-16,0.898,0.885,0.899,0.883,28974778.0,25718032.0
2018-07-17,0.884,0.88,0.884,0.876,25545739.0,22449758.0
2018-07-18,0.884,0.879,0.891,0.878,33718482.0,29852759.0
2018-07-19,0.879,0.878,0.885,0.876,19534912.0,17173963.0
2018-07-20,0.878,0.917,0.921,0.872,48323445.0,43407801.0
2018-07-23,0.917,0.933,0.939,0.911,51959135.0,48095678.0
2018-07-24,0.932,0.936,0.949,0.932,86627225.0,81518400.0
2018-07-25,0.938,0.936,0.941,0.931,19597166.0,18313740.0
2018-07-26,0.936,0.932,0.945,0.93,23638048.0,22145856.0
2018-07-27,0.929,0.929,0.937,0.924,30976351.0,28866259.0
2018-07-30,0.93,0.941,0.946,0.929,41141961.0,38605088.0
2018-07-31,0.939,0.943,0.948,0.931,23163428.0,21765658.0
2018-08-01,0.943,0.925,0.953,0.925,35903118.0,33733074.0
2018-08-02,0.919,0.909,0.928,0.902,54152391.0,49364060.0
2018-08-03,0.909,0.909,0.92,0.906,39083464.0,35713810.0
2018-08-06,0.91,0.914,0.928,0.908,26646542.0,24453517.0
2018-08-07,0.915,0.933,0.933,0.912,34059296.0,31434223.0
2018-08-08,0.933,0.923,0.933,0.922,16654660.0,15430914.0
2018-08-09,0.919,0.937,0.938,0.919,25262887.0,23581290.0
2018-08-10,0.935,0.932,0.937,0.925,23528351.0,21907570.0
2018-08-13,0.92,0.916,0.925,0.907,32335556.0,29553783.0
2018-08-14,0.913,0.913,0.917,0.908,20407285.0,18597368.0
2018-08-15,0.912,0.897,0.912,0.897,18161395.0,16411258.0
2018-08-16,0.892,0.899,0.906,0.886,23383549.0,20962774.0
2018-08-17,0.902,0.893,0.907,0.891,17756136.0,15997300.0
2018-08-20,0.896,0.906,0.907,0.895,26090953.0,23521762.0
2018-08-21,0.906,0.914,0.917,0.905,30012046.0,27377078.0
2018-08-22,0.91,0.908,0.912,0.905,12625415.0,11461537.0
2018-08-23,0.91,0.912,0.915,0.904,20897982.0,19049948.0
2018-08-24,0.908,0.932,0.945,0.907,44159844.0,40904495.0
2018-08-27,0.934,0.942,0.942,0.928,43517366.0,40748339.0
2018-08-28,0.939,0.939,0.947,0.937,27091008.0,25529347.0
2018-08-29,0.938,0.936,0.942,0.935,39763910.0,37309084.0
2018-08-30,0.937,0.929,0.943,0.927,34984304.0,32759866.0
2018-08-31,0.929,0.933,0.941,0.927,35568096.0,33205649.0
2018-09-03,0.932,0.935,0.939,0.929,19510390.0,18225949.0
2018-09-04,0.934,0.944,0.949,0.929,36928527.0,34702355.0
2018-09-05,0.941,0.924,0.941,0.923,35281767.0,33004568.0
2018-09-06,0.921,0.92,0.928,0.918,20168774.0,18628573.0
2018-09-07,0.92,0.925,0.929,0.919,30137608.0,27877412.0
2018-09-10,0.923,0.919,0.926,0.917,13244738.0,12197204.0
2018-09-11,0.919,0.913,0.926,0.91,20970184.0,19261312.0
2018-09-12,0.911,0.914,0.918,0.906,18754891.0,17094364.0
2018-09-13,0.921,0.923,0.925,0.915,44907942.0,41287256.0
2018-09-14,0.926,0.924,0.927,0.921,17867134.0,16517549.0
2018-09-17,0.922,0.917,0.922,0.916,24765648.0,22741845.0
2018-09-18,0.917,0.931,0.933,0.915,24275814.0,22380591.0
2018-09-19,0.928,0.937,0.94,0.926,18836042.0,17612930.0
2018-09-20,0.937,0.939,0.944,0.934,11938980.0,11214119.0
2018-09-21,0.939,0.977,0.977,0.936,63612059.0,61068388.0
2018-09-25,0.963,0.964,0.97,0.96,20377457.0,19642532.0
2018-09-26,0.967,0.976,0.985,0.964,35037901.0,34199978.0
2018-09-27,0.97,0.973,0.978,0.966,15437275.0,15006040.0
2018-09-28,0.974,0.987,0.996,0.974,81814505.0,80654365.0
2018-10-08,0.967,0.95,0.968,0.949,48065496.0,46132017.0
2018-10-09,0.95,0.951,0.958,0.945,37637054.0,35788743.0
2018-10-10,0.952,0.955,0.961,0.947,35581333.0,33965305.0
2018-10-11,0.934,0.918,0.939,0.912,56791029.0,52691599.0
2018-10-12,0.92,0.938,0.942,0.918,59488620.0,55369381.0
2018-10-15,0.94,0.927,0.94,0.925,45929804.0,42786101.0
2018-10-16,0.928,0.933,0.944,0.928,46712297.0,43770670.0
2018-10-17,0.94,0.939,0.944,0.924,68841708.0,64603928.0
2018-10-18,0.934,0.921,0.937,0.921,25705380.0,23880168.0
2018-10-19,0.917,0.951,0.953,0.915,57642854.0,54168842.0
2018-10-22,0.959,0.977,0.988,0.958,217796553.0,213227381.0
2018-10-23,0.976,0.955,0.976,0.952,63195806.0,61070665.0
2018-10-24,0.955,0.974,0.996,0.955,212140502.0,207129112.0
2018-10-25,0.954,0.983,0.984,0.953,132038815.0,128168468.0
2018-10-26,0.981,0.981,0.986,0.971,102475515.0,100134724.0
2018-10-29,0.984,0.963,0.991,0.954,117292529.0,113826325.0
2018-10-30,0.963,0.976,0.984,0.963,60452199.0,58913211.0
2018-10-31,0.979,0.978,0.983,0.971,44165340.0,43136698.0
2018-11-01,0.982,0.973,1.009,0.969,76149556.0,74390557.0
2018-11-02,0.987,0.994,0.996,0.974,91112158.0,89873529.0
2018-11-05,0.985,0.98,0.987,0.975,52822135.0,51799281.0
2018-11-06,0.979,0.975,0.98,0.97,27964694.0,27240215.0
2018-11-07,0.975,0.97,0.984,0.969,50740567.0,49471943.0
2018-11-08,0.976,0.978,0.984,0.973,46488999.0,45418397.0
2018-11-09,0.969,0.948,0.969,0.945,71033233.0,67633399.0
2018-11-12,0.945,0.951,0.951,0.945,42718698.0,40511958.0
2018-11-13,0.942,0.955,0.96,0.939,70970295.0,67637192.0
2018-11-14,0.953,0.942,0.953,0.94,65688514.0,62152224.0
2018-11-15,0.942,0.951,0.952,0.942,75732615.0,71760956.0
2018-11-16,0.95,0.951,0.958,0.946,66442682.0,63200506.0
2018-11-19,0.951,0.966,0.966,0.95,105824683.0,101527838.0
2018-11-20,0.958,0.95,0.962,0.948,73085119.0,69695620.0
2018-11-21,0.946,0.949,0.951,0.944,33815171.0,32063810.0
2018-11-22,0.95,0.947,0.953,0.943,29430968.0,27828394.0
2018-11-23,0.945,0.936,0.949,0.935,55595670.0,52382249.0
2018-11-26,0.937,0.939,0.944,0.936,34109929.0,32085341.0
2018-11-27,0.941,0.935,0.942,0.932,35476740.0,33279734.0
2018-11-28,0.935,0.941,0.943,0.935,42483249.0,39942277.0
2018-11-29,0.944,0.938,0.945,0.937,30096672.0,28351663.0
2018-11-30,0.937,0.943,0.945,0.937,25862119.0,24341504.0
2018-12-03,0.96,0.96,0.964,0.952,97999147.0,94056831.0
2018-12-04,0.96,0.963,0.964,0.957,29789299.0,28631808.0
2018-12-05,0.954,0.957,0.961,0.954,30756557.0,29475734.0
2018-12-06,0.955,0.947,0.955,0.943,41511220.0,39313567.0
2018-12-07,0.946,0.944,0.95,0.943,26115144.0,24741313.0
2018-12-10,0.938,0.937,0.941,0.933,23699203.0,22189224.0
2018-12-11,0.937,0.936,0.939,0.934,19884021.0,18606673.0
2018-12-12,0.94,0.937,0.942,0.934,15627649.0,14642263.0
2018-12-13,0.937,0.945,0.949,0.935,49998609.0,47197757.0
2018-12-14,0.941,0.934,0.942,0.932,34991310.0,32761292.0
2018-12-17,0.932,0.933,0.937,0.931,34233038.0,31984875.0
2018-12-18,0.929,0.925,0.936,0.924,29890089.0,27804964.0
2018-12-19,0.926,0.917,0.93,0.915,20855382.0,19243109.0
2018-12-20,0.915,0.901,0.917,0.892,35958067.0,32418514.0
2018-12-21,0.898,0.889,0.898,0.883,46738675.0,41508577.0
2018-12-24,0.885,0.889,0.89,0.881,30250439.0,26785308.0
2018-12-25,0.883,0.885,0.89,0.872,37300756.0,32838866.0
2018-12-26,0.884,0.883,0.887,0.88,26919487.0,23810296.0
2018-12-27,0.89,0.887,0.893,0.883,30079199.0,26686573.0
2018-12-28,0.887,0.892,0.898,0.887,38638373.0,34500032.0
2019-01-02,0.892,0.878,0.894,0.873,36215125.0,31791009.0
2019-01-03,0.874,0.884,0.887,0.874,32724601.0,28857100.0
2019-01-04,0.877,0.904,0.904,0.876,48153574.0,43177993.0
2019-01-07,0.906,0.901,0.908,0.898,37464902.0,33803098.0
2019-01-08,0.901,0.896,0.901,0.895,20836566.0,18693325.0
2019-01-09,0.899,0.905,0.914,0.899,46238717.0,42019283.0
2019-01-10,0.905,0.902,0.907,0.899,15612236.0,14083619.0
2019-01-11,0.901,0.911,0.913,0.901,20210911.0,18371189.0
2019-01-14,0.91,0.904,0.911,0.903,25605392.0,23193586.0
2019-01-15,0.904,0.914,0.914,0.904,20124234.0,18334905.0
2019-01-16,0.913,0.915,0.915,0.911,12888422.0,11769075.0
2019-01-17,0.916,0.912,0.92,0.909,21706810.0,19848881.0
2019-01-18,0.913,0.927,0.929,0.913,29149132.0,26896187.0
2019-01-21,0.926,0.929,0.933,0.926,19808655.0,18422235.0
2019-01-22,0.928,0.92,0.931,0.918,18326741.0,16923636.0
2019-01-23,0.919,0.924,0.929,0.919,15516951.0,14353804.0
2019-01-24,0.925,0.931,0.933,0.924,15378328.0,14299144.0
2019-01-25,0.934,0.946,0.951,0.933,32048802.0,30292525.0
2019-01-28,0.951,0.946,0.957,0.943,22903197.0,21827556.0
2019-01-29,0.943,0.953,0.956,0.942,21539188.0,20458857.0
2019-01-30,0.95,0.949,0.956,0.946,15384734.0,14635117.0
2019-01-31,0.951,0.966,0.968,0.951,32710989.0,31464677.0
2019-02-01,0.968,0.968,0.97,0.958,29688811.0,28618165.0
2019-02-11,0.964,0.968,0.969,0.959,30016401.0,28940498.0
2019-02-12,0.968,0.968,0.969,0.961,31968231.0,30880656.0
2019-02-13,0.967,0.982,0.985,0.963,54948260.0,53465285.0
2019-02-14,0.977,0.975,0.98,0.972,37020640.0,36117939.0
2019-02-15,0.972,0.957,0.973,0.955,53685477.0,51691748.0
2019-02-18,0.961,0.976,0.977,0.961,53428549.0,51867049.0
2019-02-19,0.977,0.974,0.989,0.971,64703141.0,63254839.0
2019-02-20,0.977,0.978,0.981,0.971,32983330.0,32197140.0
2019-02-21,0.976,0.971,0.984,0.969,57424490.0,56074051.0
2019-02-22,0.969,0.984,0.986,0.962,131924113.0,128624701.0
2019-02-25,0.994,1.048,1.056,0.988,298645193.0,305334742.0
2019-02-26,1.047,1.026,1.054,1.024,275133784.0,285427647.0
2019-02-27,1.027,1.041,1.063,1.024,251673104.0,262659610.0
2019-02-28,1.038,1.035,1.05,1.032,117733183.0,122462086.0
2019-03-01,1.041,1.069,1.07,1.029,168432168.0,177077517.0
2019-03-04,1.075,1.075,1.105,1.07,268177261.0,290435069.0
2019-03-05,1.069,1.072,1.078,1.066,108247529.0,115798273.0
2019-03-06,1.071,1.078,1.083,1.061,113772556.0,122046513.0
2019-03-07,1.075,1.06,1.075,1.056,210952913.0,224307162.0
2019-03-08,1.039,1.019,1.045,1.016,179419789.0,185216285.0
2019-03-11,1.017,1.024,1.026,1.01,107618494.0,109532041.0
2019-03-12,1.03,1.027,1.041,1.022,154523021.0,159578607.0
2019-03-13,1.025,1.027,1.037,1.016,164751332.0,168887495.0
2019-03-14,1.025,1.026,1.039,1.023,84086719.0,86630729.0
2019-03-15,1.029,1.032,1.041,1.026,166582528.0,172111755.0
2019-03-18,1.031,1.05,1.051,1.027,140004574.0,145473971.0
2019-03-19,1.051,1.042,1.053,1.039,93045058.0,97204889.0
2019-03-20,1.039,1.043,1.05,1.037,84031026.0,87623186.0
2019-03-21,1.044,1.039,1.044,1.037,88614339.0,92201160.0
2019-03-22,1.038,1.034,1.039,1.025,147606311.0,152073797.0
2019-03-25,1.02,1.01,1.027,1.008,118997858.0,121248616.0
2019-03-26,1.013,1.005,1.015,1.002,57532987.0,57960703.0
2019-03-27,1.009,1.014,1.02,1.006,71645660.0,72642990.0
2019-03-28,1.012,1.007,1.013,1.002,74501019.0,74977190.0
2019-03-29,1.009,1.038,1.039,1.007,170864585.0,175785046.0
2019-04-01,1.042,1.056,1.064,1.042,163221086.0,172383459.0
2019-04-02,1.061,1.058,1.066,1.055,108120009.0,114571405.0
2019-04-03,1.047,1.068,1.069,1.044,130935031.0,138598496.0
2019-04-04,1.069,1.085,1.089,1.068,181777294.0,196492239.0
2019-04-08,1.099,1.091,1.117,1.083,274249579.0,301987524.0
2019-04-09,1.089,1.082,1.093,1.077,140879227.0,152804557.0
2019-04-10,1.078,1.077,1.083,1.065,166454055.0,178800719.0
2019-04-11,1.077,1.067,1.087,1.065,100078591.0,107618423.0
2019-04-12,1.066,1.071,1.072,1.064,52498925.0,56023357.0
2019-04-15,1.099,1.075,1.105,1.073,183567494.0,200464293.0
2019-04-16,1.067,1.117,1.119,1.067,242307556.0,266825835.0
2019-04-17,1.115,1.111,1.126,1.106,151634435.0,168892057.0
2019-04-18,1.111,1.102,1.111,1.098,144931773.0,159882997.0
2019-04-19,1.104,1.112,1.118,1.099,96355383.0,106819687.0
2019-04-22,1.113,1.081,1.114,1.078,131051932.0,143240358.0
2019-04-23,1.078,1.082,1.09,1.073,78703482.0,85240379.0
2019-04-24,1.085,1.086,1.091,1.069,66365814.0,71828945.0
2019-04-25,1.081,1.073,1.085,1.071,74018496.0,79859583.0
2019-04-26,1.069,1.057,1.072,1.055,75802611.0,80498431.0
2019-04-29,1.06,1.073,1.082,1.059,110676401.0,118530147.0
2019-04-30,1.071,1.078,1.08,1.063,62980832.0,67657531.0
2019-05-06,1.051,1.047,1.057,1.029,150596324.0,157224091.0
2019-05-07,1.054,1.046,1.055,1.037,82398222.0,86043884.0
2019-05-08,1.033,1.03,1.041,1.028,57238325.0,59117028.0
2019-05-09,1.027,1.008,1.029,1.005,61501804.0,62395715.0
2019-05-10,1.018,1.03,1.036,1.009,107911384.0,110639476.0
2019-05-13,1.019,1.015,1.022,1.014,47814617.0,48645712.0
2019-05-14,1.009,1.012,1.021,1.007,47959646.0,48714789.0
2019-05-15,1.016,1.029,1.033,1.016,67174031.0,68688538.0
2019-05-16,1.024,1.029,1.03,1.024,34397183.0,35322681.0
2019-05-17,1.029,1.016,1.03,1.013,60280489.0,61530010.0
2019-05-20,1.012,1.017,1.023,1.011,68109216.0,69165418.0
2019-05-21,1.017,1.025,1.032,1.015,45571987.0,46738264.0
2019-05-22,1.026,1.021,1.026,1.018,32542940.0,33244234.0
2019-05-23,1.021,1.015,1.022,1.009,45865118.0,46530118.0
2019-05-24,1.016,1.022,1.026,1.016,43439627.0,44389460.0
2019-05-27,1.02,1.025,1.026,1.006,90358348.0,91679888.0
2019-05-28,1.02,1.025,1.031,1.019,94953149.0,97574554.0
2019-05-29,1.023,1.022,1.03,1.018,41281184.0,42246612.0
2019-05-30,1.02,1.021,1.022,1.013,35049553.0,35666243.0
2019-05-31,1.019,1.018,1.026,1.016,51713529.0,52749172.0
2019-06-03,1.017,1.02,1.026,1.013,50663399.0,51613713.0
2019-06-04,1.019,1.02,1.022,1.015,26911641.0,27405175.0
2019-06-05,1.024,1.026,1.031,1.023,51290554.0,52660376.0
2019-06-06,1.024,1.024,1.028,1.02,25299020.0,25921075.0
2019-06-10,1.026,1.039,1.043,1.026,72206691.0,74884547.0
2019-06-11,1.045,1.052,1.052,1.038,69842215.0,73120640.0
2019-06-12,1.049,1.049,1.052,1.043,40892039.0,42838004.0
2019-06-13,1.048,1.046,1.051,1.04,41611877.0,43538394.0
2019-06-14,1.046,1.043,1.051,1.042,26407202.0,27643668.0
2019-06-17,1.044,1.05,1.056,1.043,34992511.0,36798777.0
2019-06-18,1.052,1.054,1.055,1.047,33440747.0,35157488.0
2019-06-19,1.069,1.068,1.075,1.065,130143846.0,139287520.0
2019-06-20,1.069,1.095,1.101,1.067,181148636.0,196203421.0
2019-06-21,1.096,1.088,1.096,1.083,126536438.0,137695876.0
2019-06-24,1.085,1.085,1.087,1.08,98224948.0,106321199.0
2019-06-25,1.084,1.063,1.084,1.051,146276802.0,155535742.0
2019-06-26,1.057,1.059,1.064,1.055,93461696.0,99097393.0
2019-06-27,1.06,1.071,1.073,1.06,90840584.0,97157903.0
2019-06-28,1.069,1.066,1.069,1.059,59589309.0,63362776.0
2019-07-01,1.081,1.081,1.084,1.076,114789728.0,123977340.0
2019-07-02,1.078,1.077,1.082,1.073,69638615.0,75000176.0
2019-07-03,1.077,1.076,1.077,1.071,52781307.0,56721130.0
2019-07-04,1.077,1.076,1.082,1.073,49772509.0,53638461.0
2019-07-05,1.076,1.077,1.077,1.07,45597240.0,48956123.0
2019-07-08,1.074,1.056,1.075,1.052,70441726.0,74530290.0
2019-07-09,1.055,1.051,1.058,1.049,52099171.0,54832628.0
2019-07-10,1.053,1.048,1.056,1.044,46059919.0,48329515.0
2019-07-11,1.049,1.052,1.057,1.048,56161893.0,59155026.0
2019-07-12,1.053,1.066,1.07,1.052,61560177.0,65402939.0
2019-07-15,1.062,1.067,1.07,1.05,64274261.0,68203392.0
2019-07-16,1.065,1.061,1.066,1.061,47157492.0,50122157.0
2019-07-17,1.06,1.058,1.063,1.057,51292156.0,54378617.0
2019-07-18,1.056,1.059,1.06,1.055,41293495.0,43679007.0
2019-07-19,1.06,1.073,1.074,1.059,61090738.0,65288746.0
2019-07-22,1.071,1.07,1.076,1.063,60982243.0,65347162.0
2019-07-23,1.07,1.07,1.072,1.066,47016767.0,50273621.0
2019-07-24,1.072,1.076,1.084,1.072,74537657.0,80359034.0
2019-07-25,1.077,1.093,1.094,1.076,71182183.0,77375438.0
2019-07-26,1.089,1.091,1.095,1.087,56802139.0,61961728.0
2019-07-29,1.09,1.092,1.092,1.086,42783716.0,46598412.0
2019-07-30,1.091,1.097,1.103,1.089,50319694.0,55204261.0
2019-07-31,1.093,1.086,1.093,1.085,47271693.0,51450700.0
2019-08-01,1.083,1.08,1.086,1.073,48374170.0,52213191.0
2019-08-02,1.067,1.067,1.07,1.062,55900039.0,59543521.0
2019-08-05,1.066,1.046,1.066,1.045,86567718.0,91252712.0
2019-08-06,1.034,1.036,1.04,1.028,112362878.0,116107719.0
2019-08-07,1.038,1.034,1.039,1.031,54386598.0,56297305.0
2019-08-08,1.038,1.051,1.053,1.038,59214677.0,61933014.0
2019-08-09,1.051,1.049,1.056,1.045,44498832.0,46706213.0
2019-08-12,1.048,1.063,1.063,1.047,61063916.0,64396209.0
2019-08-13,1.058,1.049,1.058,1.047,44336692.0,46523280.0
2019-08-14,1.057,1.047,1.059,1.045,62555838.0,65647160.0
2019-08-15,1.035,1.046,1.046,1.03,52701004.0,54817953.0
2019-08-16,1.045,1.044,1.048,1.039,85113429.0,88946402.0
2019-08-19,1.044,1.049,1.049,1.028,158059547.0,164143612.0
2019-08-20,1.045,1.047,1.052,1.04,98667641.0,103146313.0
2019-08-21,1.044,1.043,1.046,1.04,46885350.0,48874889.0
2019-08-22,1.045,1.04,1.046,1.037,35295507.0,36719966.0
2019-08-23,1.04,1.051,1.054,1.039,75912875.0,79578139.0
2019-08-26,1.04,1.033,1.042,1.032,63182793.0,65389465.0
2019-08-27,1.038,1.044,1.048,1.038,68680516.0,71671901.0
2019-08-28,1.04,1.031,1.041,1.029,82740025.0,85401339.0
2019-08-29,1.031,1.025,1.032,1.021,68781855.0,70483057.0
2019-08-30,1.03,1.026,1.032,1.023,59627743.0,61226104.0
2019-09-02,1.026,1.033,1.035,1.025,72424584.0,74746077.0
2019-09-03,1.032,1.034,1.035,1.029,75876243.0,78264545.0
2019-09-04,1.032,1.046,1.047,1.031,120755715.0,125722595.0
2019-09-05,1.05,1.059,1.07,1.05,177929734.0,188726581.0
2019-09-06,1.063,1.068,1.068,1.06,75050761.0,79821122.0
2019-09-09,1.079,1.065,1.079,1.062,162270905.0,173067987.0
2019-09-10,1.065,1.062,1.065,1.055,139501128.0,147622223.0
2019-09-11,1.066,1.067,1.069,1.059,121799390.0,129769790.0
2019-09-12,1.069,1.071,1.072,1.064,124433675.0,133017185.0
2019-09-16,1.071,1.067,1.073,1.063,75424442.0,80356601.0
2019-09-17,1.064,1.052,1.064,1.049,79764889.0,84214887.0
2019-09-18,1.054,1.056,1.057,1.052,43695323.0,46066863.0
2019-09-19,1.055,1.054,1.056,1.05,34504779.0,36340404.0
2019-09-20,1.054,1.059,1.06,1.054,36801656.0,38894816.0
2019-09-23,1.06,1.049,1.06,1.045,36347717.0,38115634.0
2019-09-24,1.049,1.049,1.053,1.047,38797583.0,40728866.0
2019-09-25,1.046,1.053,1.058,1.043,78849153.0,82963611.0
2019-09-26,1.053,1.067,1.076,1.053,173264836.0,184845412.0
2019-09-27,1.067,1.068,1.072,1.059,61398917.0,65425714.0
2019-09-30,1.067,1.058,1.072,1.056,94335692.0,100734695.0
2019-10-08,1.056,1.072,1.077,1.055,65672600.0,70299884.0
2019-10-09,1.064,1.084,1.094,1.064,115636078.0,125373987.0
2019-10-10,1.082,1.083,1.087,1.079,65290461.0,70658268.0
2019-10-11,1.089,1.106,1.107,1.084,116421574.0,127623800.0
2019-10-14,1.115,1.127,1.146,1.112,209291677.0,236614513.0
2019-10-15,1.127,1.131,1.132,1.12,97995600.0,110377200.0
2019-10-16,1.135,1.125,1.148,1.118,191683640.0,217050830.0
2019-10-17,1.123,1.122,1.13,1.118,86517860.0,97107031.0
2019-10-18,1.125,1.107,1.134,1.103,97222000.0,108561963.0
2019-10-21,1.102,1.12,1.123,1.1,91788400.0,102290153.0
2019-10-22,1.12,1.116,1.122,1.103,66576600.0,73959221.0
2019-10-23,1.113,1.114,1.122,1.111,49675800.0,55430681.0
2019-10-24,1.114,1.127,1.135,1.114,155427300.0,174944985.0
2019-10-25,1.125,1.124,1.127,1.112,118629806.0,132669211.0
2019-10-28,1.123,1.12,1.129,1.115,85625900.0,95888075.0
2019-10-29,1.12,1.113,1.12,1.11,62464200.0,69622833.0
2019-10-30,1.11,1.111,1.121,1.108,70489200.0,78489310.0
2019-10-31,1.111,1.105,1.113,1.102,46697800.0,51616849.0
2019-11-01,1.105,1.128,1.13,1.101,106234506.0,118722213.0
2019-11-04,1.13,1.133,1.142,1.129,86613412.0,98227205.0
2019-11-05,1.132,1.145,1.159,1.131,134387826.0,153806613.0
2019-11-06,1.145,1.151,1.158,1.142,74155713.0,85295607.0
2019-11-07,1.149,1.149,1.155,1.144,62529454.0,71797440.0
2019-11-08,1.157,1.134,1.157,1.133,104325800.0,119068364.0
2019-11-11,1.132,1.116,1.132,1.114,87950198.0,98557240.0
2019-11-12,1.116,1.12,1.122,1.113,82510227.0,92246334.0
2019-11-13,1.117,1.115,1.118,1.11,93812900.0,104514160.0
2019-11-14,1.114,1.11,1.117,1.105,81096000.0,90044180.0
2019-11-15,1.11,1.109,1.116,1.106,62267900.0,69162999.0
2019-11-18,1.106,1.12,1.124,1.105,102492000.0,114480609.0
2019-11-19,1.119,1.122,1.125,1.116,70124300.0,78593063.0
2019-11-20,1.122,1.104,1.122,1.1,115491500.0,127967255.0
2019-11-21,1.1,1.098,1.103,1.094,97540900.0,107120239.0
2019-11-22,1.1,1.094,1.106,1.093,109995953.0,120858109.0
2019-11-25,1.095,1.108,1.109,1.095,102752400.0,113565272.0
2019-11-26,1.108,1.106,1.111,1.101,50063300.0,55282166.0
2019-11-27,1.103,1.1,1.107,1.098,46722900.0,51418043.0
2019-11-28,1.099,1.097,1.102,1.095,40263200.0,44225677.0
2019-11-29,1.095,1.09,1.1,1.089,62605500.0,68386222.0
2019-12-02,1.094,1.091,1.096,1.09,47423215.0,51826821.0
2019-12-03,1.089,1.095,1.095,1.085,38870800.0,42453916.0
2019-12-04,1.093,1.089,1.093,1.087,91346500.0,99478859.0
2019-12-05,1.092,1.097,1.098,1.09,95693900.0,104746464.0
2019-12-06,1.099,1.095,1.1,1.092,89591300.0,98138331.0
2019-12-09,1.097,1.095,1.098,1.09,64442228.0,70463841.0
2019-12-10,1.092,1.092,1.095,1.09,56338728.0,61523502.0
2019-12-11,1.093,1.103,1.104,1.091,107479500.0,118025261.0
2019-12-12,1.103,1.099,1.103,1.097,72647300.0,79868213.0
2019-12-13,1.106,1.119,1.121,1.105,184871099.0,205735711.0
2019-12-16,1.118,1.119,1.12,1.112,129785221.0,144791551.0
2019-12-17,1.118,1.131,1.142,1.114,326776579.0,368639709.0
2019-12-18,1.129,1.134,1.142,1.128,169688341.0,192570957.0
2019-12-19,1.136,1.136,1.142,1.132,115688260.0,131581545.0
2019-12-20,1.136,1.136,1.145,1.133,102539760.0,116678700.0
2019-12-23,1.135,1.123,1.14,1.121,110417400.0,124779489.0
2019-12-24,1.124,1.13,1.133,1.124,71409941.0,80623092.0
2019-12-25,1.129,1.128,1.13,1.122,83716935.0,94271975.0
2019-12-26,1.126,1.135,1.135,1.125,118976500.0,134326157.0
2019-12-27,1.133,1.135,1.145,1.13,162750800.0,185217274.0
2019-12-30,1.128,1.134,1.135,1.116,186320300.0,210176709.0
2019-12-31,1.131,1.132,1.133,1.127,184297600.0,208166154.1
2020-01-02,1.142,1.152,1.16,1.142,279945986.0,322110116.554
2020-01-03,1.151,1.153,1.156,1.15,122082808.0,140761603.208
2020-01-06,1.148,1.149,1.159,1.142,140225284.0,161569446.528
2020-01-07,1.148,1.153,1.159,1.147,97692008.0,112589922.064
2020-01-08,1.15,1.132,1.151,1.131,165405600.0,188117698.8
2020-01-09,1.141,1.138,1.144,1.132,312265900.0,354679143.69
2020-01-10,1.139,1.138,1.141,1.134,89212100.0,101399580.8
2020-01-13,1.136,1.143,1.143,1.131,114933510.0,130577448.11
2020-01-14,1.145,1.139,1.151,1.138,129741625.0,148359530.62
2020-01-15,1.139,1.126,1.139,1.125,115845860.0,130834503.64
2020-01-16,1.128,1.119,1.13,1.118,158325000.0,177518880.9
2020-01-17,1.119,1.118,1.125,1.116,112181400.0,125686812.9
2020-01-20,1.12,1.127,1.127,1.117,187892115.0,210956555.845
2020-01-21,1.122,1.11,1.124,1.109,186625700.0,207798472.3
2020-01-22,1.108,1.109,1.111,1.095,140884200.0,155730927.4
2020-01-23,1.1,1.085,1.103,1.076,223950761.0,244186400.363
2020-02-03,1.0,1.001,1.03,0.992,393728121.0,397398165.735
2020-02-04,1.007,1.03,1.032,1.007,214791720.0,219588276.474
2020-02-05,1.033,1.031,1.039,1.02,185797614.0,191425902.194
2020-02-06,1.032,1.037,1.041,1.025,238599652.0,246642721.272
2020-02-07,1.031,1.033,1.035,1.023,165819281.0,170377442.044
2020-02-10,1.027,1.031,1.032,1.024,193465900.0,199032096.7
2020-02-11,1.033,1.041,1.042,1.031,194873622.0,202530405.015
2020-02-12,1.037,1.043,1.044,1.035,176864821.0,183790339.777
2020-02-13,1.04,1.035,1.042,1.034,120855692.0,125378975.32
2020-02-14,1.034,1.044,1.044,1.032,155967307.0,162059473.567
2020-02-17,1.044,1.064,1.066,1.04,278092183.0,292894950.009
2020-02-18,1.062,1.054,1.062,1.05,239037700.0,251992928.4
2020-02-19,1.051,1.051,1.058,1.047,235055841.0,247380383.885
2020-02-20,1.052,1.066,1.067,1.046,396066621.0,418478631.113
2020-02-21,1.063,1.063,1.069,1.057,384065800.0,407739138.5
2020-02-24,1.061,1.05,1.061,1.049,267760700.0,282062727.801
2020-02-25,1.037,1.04,1.043,1.031,275832585.0,286192818.4
2020-02-26,1.03,1.045,1.051,1.028,278120000.0,289707072.6
2020-02-27,1.041,1.048,1.048,1.041,176329236.0,184233749.948
2020-02-28,1.035,1.022,1.041,1.02,266240000.0,274406934.8
2020-03-02,1.023,1.038,1.042,1.023,210716199.0,217846844.375
2020-03-03,1.045,1.04,1.048,1.038,201692896.0,210243554.742
2020-03-04,1.036,1.044,1.044,1.034,161795199.0,168213371.558
2020-03-05,1.048,1.071,1.072,1.045,430326384.0,456368501.112
2020-03-06,1.06,1.055,1.063,1.053,234418011.0,247836404.727
2020-03-09,1.036,1.025,1.039,1.024,266921100.0,274866696.0
2020-03-10,1.025,1.04,1.042,1.023,182509600.0,188877854.0
2020-03-11,1.04,1.029,1.042,1.028,141031700.0,146016192.4
2020-03-12,1.027,1.024,1.031,1.021,155133600.0,158982548.1
2020-03-13,0.996,1.019,1.02,0.989,262514785.0,262720053.315
2020-03-16,1.011,0.982,1.015,0.98,217031239.0,216728346.595
2020-03-17,0.986,0.98,0.996,0.969,208920000.0,205525664.525
2020-03-18,0.982,0.958,0.988,0.957,176758000.0,172481409.1
2020-03-19,0.954,0.935,0.957,0.923,238148283.0,223203578.858
2020-03-20,0.941,0.954,0.959,0.937,184936398.0,175215704.638
2020-03-23,0.93,0.93,0.941,0.928,96307500.0,89871683.592
2020-03-24,0.949,0.955,0.956,0.942,121707642.0,115622853.424
2020-03-25,0.97,0.972,0.976,0.964,120509272.0,116856050.852
2020-03-26,0.967,0.978,0.99,0.963,167887900.0,164583003.0
2020-03-27,0.984,0.98,0.99,0.978,114002215.0,112027425.785
2020-03-30,0.971,0.975,0.979,0.967,71351200.0,69390775.9
2020-03-31,0.98,0.967,0.983,0.965,83728100.0,81639851.0
2020-04-01,0.968,0.965,0.977,0.964,132638461.0,128819452.292
2020-04-02,0.961,0.972,0.973,0.961,62233889.0,60148583.363
2020-04-03,0.969,0.966,0.97,0.962,65983000.0,63721826.1
2020-04-07,0.977,0.977,0.98,0.974,124935362.0,121967619.136
2020-04-08,0.974,0.971,0.974,0.97,82108397.0,79788132.187
2020-04-09,0.974,0.971,0.975,0.97,118696900.0,115373917.3
2020-04-10,0.971,0.969,0.975,0.967,118012325.0,114672005.2
2020-04-13,0.968,0.963,0.968,0.962,46393000.0,44735304.3
2020-04-14,0.965,0.974,0.975,0.964,73580303.0,71346484.413
2020-04-15,0.972,0.969,0.974,0.968,59291939.0,57549578.791
2020-04-16,0.966,0.966,0.969,0.963,58441400.0,56459640.4
2020-04-17,0.969,0.974,0.979,0.968,131736342.0,128291234.118
2020-04-20,0.974,0.973,0.975,0.969,60081900.0,58383752.2
2020-04-21,0.97,0.97,0.975,0.966,90903711.0,88242891.203
2020-04-22,0.966,0.969,0.969,0.963,49231500.0,47514491.5
2020-04-23,0.967,0.965,0.969,0.963,45877100.0,44311193.7
2020-04-24,0.963,0.96,0.964,0.958,65632300.0,63049850.4
2020-04-27,0.963,0.977,0.983,0.962,190868400.0,186528397.4
2020-04-28,0.978,0.981,0.982,0.968,72805233.0,71123669.44
2020-04-29,0.982,1.002,1.003,0.979,148628689.0,147850632.733
2020-04-30,1.004,1.008,1.018,1.004,105299989.0,106457851.334
2020-05-06,0.999,0.999,1.0,0.988,141704000.0,140770992.8
2020-05-07,0.997,0.992,0.998,0.99,69728064.0,69188069.824
2020-05-08,0.996,1.001,1.004,0.994,90895564.0,90825482.316
2020-05-11,1.003,1.002,1.009,1.0,68986100.0,69262733.3
2020-05-12,1.001,0.995,1.003,0.992,64818800.0,64507155.6
2020-05-13,0.993,0.992,0.993,0.986,45786400.0,45288402.2
2020-05-14,0.988,0.984,0.988,0.981,57413200.0,56472814.8
2020-05-15,0.986,0.982,0.987,0.98,74240600.0,72953105.8
2020-05-18,0.981,0.984,0.987,0.978,103034289.0,101424989.587
2020-05-19,0.99,0.989,0.995,0.987,79387200.0,78599290.7
2020-05-20,0.988,0.993,0.997,0.984,102862200.0,101905846.2
2020-05-21,0.996,0.99,0.997,0.989,82421700.0,81805824.8
2020-05-22,0.989,0.974,0.989,0.973,96443500.0,94529252.6
2020-05-25,0.974,0.971,0.976,0.968,46600700.0,45249426.4
2020-05-26,0.972,0.976,0.976,0.972,57451000.0,55925280.8
2020-05-27,0.975,0.979,0.986,0.973,61848300.0,60644220.3
2020-05-28,0.981,0.994,0.999,0.98,114367200.0,113582012.6
2020-05-29,0.989,0.989,0.992,0.986,56230800.0,55589183.4
2020-06-01,0.991,1.001,1.003,0.99,114561900.0,114472093.8
2020-06-02,1.001,1.007,1.009,0.999,75063500.0,75380936.2
2020-06-03,1.01,1.009,1.024,1.008,184250900.0,187478421.7
2020-06-04,1.012,1.007,1.014,1.004,52684544.0,53082753.064
2020-06-05,1.006,1.008,1.008,1.001,77019644.0,77364441.82
2020-06-08,1.01,1.008,1.015,1.006,63409900.0,64026330.5
2020-06-09,1.007,1.009,1.011,1.004,90230700.0,90979877.9
2020-06-10,1.009,1.004,1.01,1.002,62070252.0,62413424.704
2020-06-11,1.001,0.991,1.002,0.989,121832800.0,121278481.3
2020-06-12,0.982,0.99,0.991,0.981,62274661.0,61391213.363
2020-06-15,0.987,0.98,0.988,0.98,77673000.0,76411808.2
2020-06-16,0.985,0.987,0.988,0.984,67759500.0,66829494.4
2020-06-17,0.986,0.988,0.988,0.982,41593500.0,40975365.9
2020-06-18,0.985,0.982,0.985,0.973,201582400.0,197116651.3
2020-06-19,0.981,0.987,0.991,0.98,220972776.0,217765973.432
2020-06-22,0.984,0.984,0.991,0.982,247803200.0,244396655.2
2020-06-23,0.982,0.98,0.983,0.976,152029808.0,148828773.13
2020-06-24,0.98,0.991,0.992,0.979,247559306.0,244523318.192
2020-06-29,1.0,0.987,1.003,0.984,255520300.0,253296661.1
2020-06-30,0.988,0.99,0.993,0.984,431633100.0,427237475.5
2020-07-01,0.99,1.006,1.008,0.988,497649902.0,497262135.408
2020-07-02,1.003,1.03,1.031,1.001,585698344.0,596660447.584
2020-07-03,1.036,1.057,1.061,1.035,676009040.0,709510018.696
2020-07-06,1.074,1.163,1.163,1.074,1132533212.0,1266172120.503
2020-07-07,1.219,1.146,1.22,1.141,1437429665.0,1681641344.976
2020-07-08,1.132,1.157,1.167,1.131,915221904.0,1051344773.485
2020-07-09,1.15,1.143,1.15,1.128,981604332.0,1117930232.371
2020-07-10,1.132,1.101,1.135,1.094,840334191.0,935642408.065
2020-07-13,1.088,1.101,1.112,1.083,784988568.0,861827267.999
2020-07-14,1.099,1.085,1.101,1.076,719963049.0,783625363.247
2020-07-15,1.091,1.066,1.093,1.061,603809241.0,647475244.703
2020-07-16,1.068,1.063,1.084,1.062,913679635.0,982597299.151
2020-07-17,1.068,1.063,1.072,1.055,557179317.0,592176422.825
2020-07-20,1.069,1.091,1.093,1.061,751643712.0,813091117.193
2020-07-21,1.091,1.081,1.091,1.077,438412749.0,473813292.615
2020-07-22,1.082,1.08,1.094,1.074,535293015.0,579493576.724
2020-07-23,1.071,1.064,1.076,1.052,539625716.0,573658766.253
2020-07-24,1.056,1.039,1.061,1.031,582878805.0,609334029.473
2020-07-27,1.039,1.03,1.042,1.023,413152573.0,425371077.849
2020-07-28,1.035,1.033,1.037,1.028,295665461.0,305301189.074
2020-07-29,1.03,1.047,1.048,1.026,559999612.0,582223876.438
2020-07-30,1.045,1.035,1.046,1.035,273979812.0,284951316.78
2020-07-31,1.035,1.038,1.047,1.031,337804508.0,350877872.88
2020-08-03,1.045,1.046,1.047,1.039,422790099.0,440848353.056
2020-08-04,1.048,1.07,1.077,1.043,1248277965.0,1327988402.397
2020-08-05,1.062,1.059,1.063,1.051,405744916.0,428805663.151
2020-08-06,1.06,1.066,1.068,1.052,403936096.0,428631779.516
2020-08-07,1.06,1.054,1.066,1.05,342757217.0,362288447.074
2020-08-10,1.052,1.066,1.07,1.048,465266919.0,494709882.754
2020-08-11,1.065,1.068,1.09,1.064,697873450.0,754241671.482
2020-08-12,1.071,1.076,1.082,1.063,566421229.0,607700897.129
2020-08-13,1.078,1.07,1.079,1.068,238543616.0,255809159.752
2020-08-14,1.068,1.087,1.088,1.068,387220541.0,417272727.689
2020-08-17,1.09,1.117,1.128,1.089,1016918119.0,1130022850.416
2020-08-18,1.115,1.107,1.116,1.1,448240190.0,495548579.727
2020-08-19,1.104,1.097,1.109,1.095,349670437.0,385400055.244
2020-08-20,1.092,1.077,1.093,1.076,389445414.0,421683493.42
2020-08-21,1.083,1.084,1.086,1.077,200339114.0,216824145.462
2020-08-24,1.083,1.078,1.086,1.075,193307800.0,208821160.4
2020-08-25,1.079,1.078,1.086,1.075,217080000.0,234184430.3
2020-08-26,1.078,1.069,1.079,1.066,217993600.0,233576233.346
2020-08-27,1.069,1.069,1.071,1.061,175452391.0,186965686.569
2020-08-28,1.068,1.091,1.092,1.064,418104529.0,452227944.063
2020-08-31,1.094,1.084,1.105,1.082,329551100.0,361171088.5
2020-09-01,1.079,1.083,1.085,1.077,210871941.0,227963027.644
2020-09-02,1.083,1.075,1.083,1.069,182603800.0,196377176.7
2020-09-03,1.075,1.07,1.079,1.068,197653900.0,211991325.9
2020-09-04,1.062,1.066,1.07,1.06,227320800.0,242044146.6
2020-09-07,1.066,1.061,1.075,1.06,218353400.0,233002535.5
2020-09-08,1.064,1.078,1.079,1.064,331887412.0,356589900.264
2020-09-09,1.072,1.072,1.083,1.068,212367141.0,228448693.352
2020-09-10,1.077,1.069,1.079,1.067,187465477.0,201058145.203
2020-09-11,1.067,1.062,1.07,1.055,216486081.0,229773983.041
2020-09-14,1.064,1.065,1.066,1.059,126329483.0,134200092.446
2020-09-15,1.063,1.07,1.073,1.061,138721233.0,148094798.629
2020-09-16,1.068,1.072,1.076,1.064,150405647.0,161140299.981
2020-09-17,1.072,1.068,1.078,1.068,138171383.0,148312918.21
2020-09-18,1.067,1.09,1.091,1.067,332947141.0,360355867.549
2020-09-21,1.091,1.084,1.094,1.081,178834100.0,194160674.3
2020-09-22,1.08,1.072,1.087,1.07,197985345.0,213191375.65
2020-09-23,1.072,1.068,1.074,1.066,332681700.0,355586608.8
2020-09-24,1.062,1.052,1.065,1.05,192691464.0,203481414.545
2020-09-25,1.053,1.054,1.056,1.05,130360617.0,137323399.301
2020-09-28,1.054,1.056,1.058,1.051,121738200.0,128333651.2
2020-09-29,1.059,1.046,1.059,1.045,206696700.0,217106920.7
2020-09-30,1.047,1.041,1.052,1.037,176748400.0,184740740.721
2020-10-09,1.047,1.046,1.052,1.045,168665802.0,176778520.594
2020-10-12,1.048,1.073,1.075,1.047,299925948.0,319106939.672
2020-10-13,1.067,1.072,1.075,1.065,199713517.0,213799857.709
2020-10-14,1.075,1.071,1.077,1.067,156411443.0,167328788.167
2020-10-15,1.072,1.087,1.096,1.071,577979449.0,628443107.737
2020-10-16,1.085,1.106,1.117,1.084,726976831.0,803712672.241
2020-10-19,1.113,1.108,1.142,1.107,524678248.0,591064037.203
2020-10-20,1.107,1.105,1.111,1.098,275524270.0,303919625.224
2020-10-21,1.105,1.123,1.125,1.1,352171487.0,392934928.531
2020-10-22,1.125,1.121,1.139,1.112,344241707.0,386727229.089
2020-10-23,1.119,1.129,1.142,1.115,642851700.0,729095644.0
2020-10-26,1.128,1.108,1.132,1.102,407043010.0,452125820.65
2020-10-27,1.103,1.103,1.11,1.1,186720200.0,206137770.3
2020-10-28,1.103,1.092,1.107,1.087,186298700.0,203662931.625
2020-10-29,1.082,1.093,1.101,1.08,286684785.0,312580730.41
2020-10-30,1.091,1.081,1.107,1.08,258046610.0,281987320.41
2020-11-02,1.082,1.082,1.091,1.074,206547600.0,223629420.6
2020-11-03,1.089,1.096,1.106,1.089,313919800.0,344941253.4
2020-11-04,1.106,1.109,1.113,1.1,308252935.0,341004781.733
2020-11-05,1.119,1.106,1.121,1.101,391159709.0,434377433.353
2020-11-06,1.105,1.101,1.106,1.095,257227208.0,283146378.799
2020-11-09,1.102,1.114,1.116,1.102,455035700.0,505673660.2
2020-11-10,1.122,1.12,1.132,1.114,358406795.0,402940578.154
2020-11-11,1.118,1.125,1.132,1.115,312672653.0,351319090.678
2020-11-12,1.123,1.114,1.124,1.112,214167100.0,239210451.9
2020-11-13,1.109,1.097,1.109,1.085,341148899.0,372752829.606
2020-11-16,1.095,1.099,1.101,1.093,149579307.0,164094154.672
2020-11-17,1.099,1.114,1.116,1.097,301281888.0,333174571.459
2020-11-18,1.108,1.136,1.142,1.108,512852375.0,581024428.275
2020-11-19,1.133,1.144,1.149,1.129,304361746.0,347104188.357
2020-11-20,1.136,1.14,1.141,1.132,195733628.0,222510059.308
2020-11-23,1.14,1.162,1.164,1.137,312279816.0,360790486.149
2020-11-24,1.158,1.156,1.165,1.153,249341165.0,288683079.838
2020-11-25,1.161,1.146,1.172,1.144,277767265.0,321323099.78
2020-11-26,1.144,1.163,1.165,1.144,299980687.0,347175727.381
2020-11-27,1.162,1.194,1.195,1.162,426153470.0,501444608.416
2020-11-30,1.212,1.179,1.237,1.178,920422282.0,1118746582.097
2020-12-01,1.175,1.211,1.217,1.173,616644782.0,737178304.494
2020-12-02,1.209,1.205,1.218,1.192,430331775.0,519106546.445
2020-12-03,1.202,1.202,1.21,1.188,294965100.0,353748202.3
2020-12-04,1.196,1.19,1.198,1.176,417775567.0,494238454.493
2020-12-07,1.191,1.162,1.191,1.157,488187433.0,569180199.781
2020-12-08,1.16,1.156,1.169,1.152,363238783.0,420594338.446
2020-12-09,1.158,1.154,1.17,1.151,396488523.0,460195431.973
2020-12-10,1.15,1.147,1.157,1.139,289574561.0,332156459.909
2020-12-11,1.148,1.138,1.15,1.13,292128038.0,332724969.6
2020-12-14,1.141,1.145,1.151,1.138,280153363.0,320599071.368
2020-12-15,1.143,1.135,1.144,1.122,338813900.0,382718048.2
2020-12-16,1.136,1.137,1.146,1.133,300767915.0,342701869.495
2020-12-17,1.137,1.146,1.147,1.125,397544773.0,452187570.576
2020-12-18,1.142,1.128,1.145,1.125,453971863.0,513990127.72
2020-12-21,1.127,1.127,1.132,1.118,417636987.0,469801377.953
2020-12-22,1.125,1.105,1.129,1.101,495267617.0,552888292.044
2020-12-23,1.104,1.109,1.112,1.101,369144296.0,408700807.462
2020-12-24,1.112,1.116,1.125,1.111,313911505.0,350702372.757
2020-12-25,1.114,1.117,1.118,1.104,260737346.0,290024760.532
2020-12-28,1.113,1.127,1.128,1.108,347473544.0,389365060.628
2020-12-29,1.127,1.129,1.133,1.124,335129254.0,378156850.336
2020-12-30,1.126,1.132,1.133,1.12,435533721.0,489932442.825
2020-12-31,1.131,1.145,1.151,1.13,695315941.0,793796165.395
2021-01-04,1.137,1.123,1.137,1.111,1085958210.0,1214342224.436
2021-01-05,1.116,1.108,1.116,1.095,1118899579.0,1234197108.748
2021-01-06,1.105,1.132,1.133,1.101,975828240.0,1091593870.001
2021-01-07,1.134,1.143,1.146,1.128,745202609.0,846933554.874
2021-01-08,1.145,1.146,1.157,1.137,594366748.0,680656921.798
2021-01-11,1.149,1.16,1.17,1.149,761967486.0,886964013.963
2021-01-12,1.16,1.177,1.178,1.153,474867973.0,552738396.902
2021-01-13,1.178,1.175,1.179,1.166,536437414.0,628452058.066
2021-01-14,1.172,1.172,1.192,1.168,482601022.0,568840437.458
2021-01-15,1.197,1.206,1.236,1.197,1126933831.0,1372925225.752
2021-01-18,1.207,1.23,1.241,1.206,633730443.0,777417685.898
2021-01-19,1.23,1.232,1.248,1.217,564286205.0,695544869.79
2021-01-20,1.23,1.22,1.245,1.215,434330125.0,532829619.975
2021-01-21,1.222,1.227,1.235,1.218,463725780.0,568907900.107
2021-01-22,1.224,1.203,1.224,1.194,424345885.0,510800542.302
2021-01-25,1.196,1.207,1.21,1.181,417823888.0,499706460.232
2021-01-26,1.2,1.199,1.221,1.197,352621272.0,425568444.337
2021-01-27,1.196,1.218,1.23,1.196,526780099.0,642395349.583
2021-01-28,1.207,1.205,1.209,1.196,394299202.0,473940747.559
2021-01-29,1.221,1.212,1.224,1.2,504730100.0,611919137.3
2021-02-01,1.205,1.242,1.243,1.195,611083592.0,747980818.618
2021-02-02,1.228,1.223,1.242,1.219,454125637.0,557629093.07
2021-02-03,1.22,1.242,1.255,1.213,629537833.0,779135906.114
2021-02-04,1.234,1.246,1.267,1.231,592963888.0,741763793.192
2021-02-05,1.251,1.286,1.29,1.247,870129588.0,1112090026.021
2021-02-08,1.284,1.29,1.296,1.261,793512942.0,1019379516.923
2021-02-09,1.287,1.293,1.294,1.271,627164535.0,803291786.227
2021-02-10,1.297,1.28,1.313,1.266,701814636.0,901690940.841
2021-02-18,1.293,1.305,1.319,1.289,557407393.0,726346690.523
2021-02-19,1.299,1.295,1.316,1.29,527370626.0,686971357.506
2021-02-22,1.295,1.274,1.295,1.27,520800426.0,666971836.079
2021-02-23,1.271,1.285,1.311,1.271,638246394.0,825166030.744
2021-02-24,1.285,1.265,1.288,1.255,390507972.0,497265865.557
2021-02-25,1.273,1.285,1.295,1.266,527244645.0,676606377.872
2021-02-26,1.269,1.24,1.283,1.236,491736790.0,617499688.815
2021-03-01,1.245,1.241,1.249,1.233,757963494.0,939267833.75
2021-03-02,1.245,1.231,1.252,1.219,250212475.0,309123357.524
2021-03-03,1.23,1.288,1.289,1.23,554483306.0,704325032.61
2021-03-04,1.28,1.279,1.297,1.268,482692526.0,618172684.034
2021-03-05,1.265,1.267,1.288,1.244,309436501.0,390191362.93
2021-03-08,1.268,1.246,1.283,1.245,287954359.0,363517586.171
2021-03-09,1.248,1.222,1.261,1.216,535170536.0,662106023.507
2021-03-10,1.226,1.219,1.229,1.212,212684125.0,259345830.54
2021-03-11,1.23,1.254,1.265,1.23,371134874.0,463958315.34
2021-03-12,1.253,1.267,1.272,1.253,243933074.0,308313697.444
2021-03-15,1.265,1.278,1.298,1.264,414057590.0,530593194.082
2021-03-16,1.28,1.293,1.305,1.279,286495237.0,370484088.771
2021-03-17,1.284,1.272,1.288,1.267,295252457.0,376715242.697
2021-03-18,1.27,1.277,1.281,1.267,233656992.0,297640104.924
2021-03-19,1.276,1.24,1.281,1.235,279567234.0,350057938.321
2021-03-22,1.238,1.264,1.273,1.238,236303515.0,297777797.671
2021-03-23,1.264,1.257,1.273,1.25,263557977.0,331810305.188
2021-03-24,1.253,1.238,1.259,1.235,186970377.0,232097391.626
2021-03-25,1.238,1.23,1.249,1.228,164986500.0,203771377.227
2021-03-26,1.235,1.243,1.244,1.231,187842900.0,232487321.8
2021-03-29,1.243,1.25,1.25,1.235,179647800.0,223283862.3
2021-03-30,1.249,1.257,1.257,1.24,203394599.0,253913640.696
2021-03-31,1.254,1.261,1.266,1.243,226736907.0,284557209.876
2021-04-01,1.26,1.258,1.262,1.251,199894800.0,251242314.4
2021-04-02,1.258,1.244,1.258,1.239,264979403.0,329795490.429
2021-04-06,1.243,1.245,1.251,1.241,144533224.0,179982121.632
2021-04-07,1.245,1.242,1.248,1.235,164709724.0,204172486.26
2021-04-08,1.239,1.238,1.241,1.235,160062204.0,198187877.943
2021-04-09,1.237,1.23,1.239,1.229,149657100.0,184394586.3
2021-04-12,1.229,1.228,1.234,1.222,227586000.0,279169714.9
2021-04-13,1.227,1.224,1.238,1.219,179937900.0,220526162.4
2021-04-14,1.223,1.21,1.225,1.206,249846050.0,303081966.65
2021-04-15,1.208,1.197,1.209,1.186,366056200.0,436645038.1
2021-04-16,1.196,1.201,1.202,1.189,142790000.0,170836569.3
2021-04-19,1.198,1.219,1.222,1.191,214083721.0,259018399.857
2021-04-20,1.214,1.221,1.229,1.212,196889228.0,240418214.91
2021-04-21,1.223,1.242,1.247,1.223,284334152.0,351981691.806
2021-04-22,1.242,1.233,1.245,1.226,211389837.0,260459907.11
2021-04-23,1.23,1.236,1.243,1.227,175019387.0,216218824.636
2021-04-26,1.247,1.224,1.251,1.22,236707790.0,292134765.44
2021-04-27,1.222,1.226,1.229,1.219,112975919.0,138442711.737
2021-04-28,1.226,1.224,1.229,1.216,106171133.0,129626464.501
2021-04-29,1.225,1.247,1.248,1.224,204367493.0,253401861.566
2021-04-30,1.245,1.226,1.246,1.218,254610165.0,313106262.44
2021-05-06,1.23,1.239,1.247,1.226,177944669.0,220616232.909
2021-05-07,1.24,1.255,1.264,1.237,195813751.0,245485416.567
2021-05-10,1.255,1.245,1.255,1.232,163926105.0,203207080.913
2021-05-11,1.24,1.249,1.25,1.237,128264899.0,159757335.052
2021-05-12,1.243,1.254,1.265,1.243,169371642.0,212611877.51
2021-05-13,1.249,1.246,1.259,1.243,231971259.0,289621303.573
2021-05-14,1.248,1.265,1.268,1.24,239874400.0,300948904.6
2021-05-17,1.263,1.268,1.279,1.259,276846960.0,350939096.38
2021-05-18,1.267,1.264,1.269,1.259,136476325.0,172411532.397
2021-05-19,1.261,1.248,1.263,1.242,185997003.0,232233154.65
2021-05-20,1.245,1.258,1.259,1.237,212923791.0,266043624.707
2021-05-21,1.257,1.244,1.262,1.24,169112495.0,210980532.838
2021-05-24,1.241,1.243,1.251,1.24,149968847.0,186639887.949
2021-05-25,1.244,1.286,1.291,1.241,365451473.0,463538227.891
2021-05-26,1.287,1.298,1.305,1.286,242533192.0,314187643.223
2021-05-27,1.295,1.292,1.299,1.279,278675204.0,358847071.744
2021-05-28,1.29,1.294,1.3,1.284,249586796.0,321954082.758
2021-05-31,1.288,1.285,1.289,1.275,196599387.0,251696729.286
2021-06-01,1.28,1.274,1.28,1.268,279357800.0,355364056.6
2021-06-02,1.275,1.275,1.276,1.262,228934956.0,290449857.042
2021-06-03,1.272,1.269,1.285,1.267,243793278.0,310686607.084
2021-06-04,1.269,1.284,1.296,1.266,332916711.0,426485124.69
2021-06-07,1.284,1.276,1.285,1.268,233845400.0,297623309.277
2021-06-08,1.273,1.273,1.282,1.264,206270652.0,262164564.148
2021-06-09,1.269,1.269,1.277,1.267,221783364.0,281905588.836
2021-06-10,1.27,1.268,1.282,1.267,227820000.0,289993893.984
2021-06-11,1.27,1.249,1.272,1.244,283975305.0,356099916.092
2021-06-15,1.244,1.237,1.248,1.23,152031868.0,188011793.073
2021-06-16,1.236,1.242,1.25,1.233,191430407.0,237925796.186
2021-06-17,1.242,1.238,1.25,1.235,177400696.0,220216517.452
2021-06-18,1.233,1.227,1.239,1.222,217167115.0,266545895.052
2021-06-21,1.227,1.213,1.228,1.209,230924214.0,280548856.068
2021-06-22,1.215,1.228,1.23,1.215,227901251.0,279232354.52
2021-06-23,1.226,1.226,1.231,1.222,158326096.0,194088950.5
2021-06-24,1.227,1.231,1.239,1.221,193463500.0,237406532.9
2021-06-25,1.231,1.247,1.25,1.23,249732796.0,310156185.876
2021-06-28,1.246,1.226,1.247,1.221,354513100.0,435266859.0
2021-06-29,1.222,1.219,1.229,1.216,296106700.0,361185544.3
2021-06-30,1.222,1.23,1.233,1.22,192197996.0,236090733.112
2021-07-01,1.233,1.248,1.249,1.228,322413296.0,400174909.168
2021-07-02,1.24,1.225,1.24,1.218,210426100.0,257819653.0
2021-07-05,1.223,1.222,1.225,1.205,245012700.0,297325205.7
2021-07-06,1.22,1.236,1.238,1.218,216777004.0,266745184.232
2021-07-07,1.233,1.234,1.249,1.227,190467798.0,234982520.544
2021-07-08,1.241,1.201,1.248,1.197,577155070.0,697208173.34
2021-07-09,1.198,1.191,1.206,1.188,276001311.0,329828527.167
2021-07-12,1.198,1.185,1.204,1.181,413068400.0,491352486.3
2021-07-13,1.186,1.193,1.196,1.176,275008988.0,327032445.908
2021-07-14,1.189,1.17,1.189,1.165,357256179.0,418836055.241
2021-07-15,1.169,1.2,1.202,1.168,370826666.0,441634699.654
2021-07-16,1.195,1.197,1.205,1.191,158418966.0,189474688.304
2021-07-19,1.195,1.197,1.198,1.178,177728054.0,211272088.994
2021-07-20,1.188,1.18,1.194,1.177,223075666.0,263908934.208
2021-07-21,1.184,1.176,1.186,1.17,313717190.0,368529613.368
2021-07-22,1.174,1.183,1.193,1.173,277048090.0,328162551.504
2021-07-23,1.18,1.178,1.183,1.171,233850525.0,274920871.378
2021-07-26,1.171,1.139,1.174,1.136,365938200.0,421483308.5
2021-07-27,1.14,1.113,1.143,1.108,288161711.0,323571393.098
2021-07-28,1.112,1.124,1.129,1.111,201237405.0,225690038.838
2021-07-29,1.128,1.115,1.13,1.113,291817500.0,325892696.7
2021-07-30,1.112,1.102,1.112,1.093,241178560.0,265294016.68
2021-08-02,1.098,1.116,1.122,1.084,318689096.0,353219883.044
2021-08-03,1.11,1.11,1.113,1.102,207353137.0,229704158.209
2021-08-04,1.11,1.101,1.112,1.099,224655013.0,247802045.66
2021-08-05,1.099,1.098,1.107,1.094,157924660.0,173946956.34
2021-08-06,1.094,1.101,1.104,1.088,196798508.0,215967979.3
2021-08-09,1.1,1.131,1.139,1.098,399242001.0,450183782.436
2021-08-10,1.128,1.151,1.158,1.121,434678838.0,496611878.755
2021-08-11,1.15,1.162,1.175,1.149,439901292.0,511835341.442
2021-08-12,1.159,1.155,1.165,1.153,148648328.0,172100097.324
2021-08-13,1.155,1.158,1.158,1.148,133593225.0,154136220.275
2021-08-16,1.169,1.156,1.17,1.148,142371382.0,164691571.468
2021-08-17,1.154,1.144,1.165,1.118,263703282.0,304254116.502
2021-08-18,1.143,1.182,1.19,1.143,337837448.0,395751615.352
2021-08-19,1.18,1.159,1.18,1.156,249058000.0,289788160.892
2021-08-20,1.157,1.151,1.167,1.135,279881900.0,321357957.344
2021-08-23,1.149,1.153,1.161,1.149,289714256.0,334281792.668
2021-08-24,1.152,1.159,1.164,1.146,242976904.0,280711007.044
2021-08-25,1.159,1.146,1.159,1.143,183487400.0,210679504.5
2021-08-26,1.146,1.13,1.146,1.122,305820476.0,346475551.364
2021-08-27,1.129,1.131,1.14,1.128,253380563.0,287059724.86
2021-08-30,1.131,1.113,1.132,1.107,301439080.0,336283068.38
2021-08-31,1.114,1.131,1.132,1.112,221205198.0,248039934.848
2021-09-01,1.128,1.156,1.159,1.123,344422534.0,394231091.589
2021-09-02,1.155,1.164,1.168,1.152,416363845.0,484158709.613
2021-09-03,1.168,1.165,1.178,1.15,434306300.0,506661985.4
2021-09-06,1.162,1.169,1.176,1.159,299734471.0,350453856.229
2021-09-07,1.167,1.186,1.191,1.159,470057441.0,552940950.816
2021-09-08,1.185,1.184,1.198,1.181,281058221.0,333933251.309
2021-09-09,1.18,1.183,1.187,1.171,221902163.0,261657172.401
2021-09-10,1.182,1.206,1.218,1.18,625329342.0,753317907.245
2021-09-13,1.201,1.207,1.209,1.196,261619424.0,314783354.972
2021-09-14,1.207,1.173,1.212,1.17,504637261.0,598465718.683
2021-09-15,1.168,1.164,1.176,1.159,263390300.0,307336796.2
2021-09-16,1.163,1.153,1.169,1.15,236990622.0,274405214.144
2021-09-17,1.152,1.156,1.158,1.148,302324447.0,348457432.766
2021-09-22,1.13,1.132,1.135,1.118,463642815.0,521817279.436
2021-09-23,1.137,1.133,1.147,1.127,249879619.0,283546443.351
2021-09-24,1.131,1.123,1.134,1.12,378956400.0,426454873.4
2021-09-27,1.121,1.122,1.127,1.113,509380300.0,570206678.5
2021-09-28,1.121,1.143,1.146,1.12,470491191.0,534534594.913
2021-09-29,1.135,1.151,1.158,1.13,360977945.0,412541269.575
2021-09-30,1.149,1.14,1.149,1.134,273503006.0,311502594.028
2021-10-08,1.144,1.156,1.159,1.141,312192100.0,359614431.9
2021-10-11,1.161,1.182,1.192,1.161,572120248.0,676117172.478
2021-10-12,1.179,1.184,1.194,1.174,503737774.0,595782882.932
2021-10-13,1.183,1.181,1.186,1.168,276413974.0,325733556.42
2021-10-14,1.178,1.168,1.187,1.165,222545449.0,260991892.0
2021-10-15,1.168,1.179,1.183,1.168,217795413.0,256311504.0
2021-10-18,1.177,1.17,1.179,1.167,222050900.0,260103912.0
2021-10-19,1.171,1.178,1.184,1.169,191396700.0,225346671.0
2021-10-20,1.18,1.171,1.187,1.169,198044400.0,232549967.0
2021-10-21,1.177,1.194,1.198,1.177,612174132.0,728318819.889
2021-10-22,1.197,1.197,1.208,1.189,282492705.0,338498998.625
2021-10-25,1.182,1.195,1.198,1.181,305142987.0,363478371.777
2021-10-26,1.194,1.195,1.205,1.19,207405500.0,248306358.6
2021-10-27,1.191,1.186,1.193,1.175,300236298.0,355486927.211
2021-10-28,1.182,1.181,1.188,1.13,168413278.0,198531535.381
2021-10-29,1.182,1.174,1.185,1.17,150313424.0,176759812.434
2021-11-01,1.172,1.187,1.192,1.166,280453303.0,331521728.741
2021-11-02,1.186,1.153,1.19,1.146,719166466.0,832090114.468
2021-11-03,1.151,1.153,1.155,1.147,161888966.0,186493728.966
2021-11-04,1.154,1.148,1.155,1.142,303012901.0,347234480.358
2021-11-05,1.143,1.142,1.147,1.14,224571410.0,256829837.01
2021-11-08,1.141,1.139,1.143,1.135,440824600.0,501826088.0
2021-11-09,1.139,1.14,1.143,1.132,371129800.0,422224994.5
2021-11-10,1.138,1.136,1.139,1.127,380565801.0,430662869.827
2021-11-11,1.135,1.162,1.165,1.133,477660910.0,551551991.44
2021-11-12,1.162,1.16,1.168,1.158,193457363.0,224720144.906
2021-11-15,1.16,1.166,1.169,1.157,154004914.0,179315582.647
2021-11-16,1.165,1.159,1.17,1.154,194646347.0,226235490.255
2021-11-17,1.156,1.153,1.161,1.15,127206600.0,146778350.0
2021-11-18,1.151,1.143,1.153,1.142,133587391.0,153028153.595
2021-11-19,1.141,1.155,1.157,1.141,191967623.0,220751491.681
2021-11-22,1.153,1.147,1.154,1.144,216257599.0,248151726.962
2021-11-23,1.147,1.147,1.153,1.143,196355199.0,225353746.453
2021-11-24,1.147,1.147,1.149,1.141,226644299.0,259465266.157
2021-11-25,1.146,1.143,1.147,1.141,137220400.0,156914662.1
2021-11-26,1.143,1.135,1.144,1.134,213216748.0,242464927.476
2021-11-29,1.13,1.129,1.133,1.125,226854392.0,256120162.544
2021-11-30,1.131,1.127,1.133,1.124,171669900.0,193700251.7
2021-12-01,1.128,1.134,1.136,1.126,167659600.0,189866921.5
2021-12-02,1.131,1.138,1.142,1.127,224455300.0,254908431.0
2021-12-03,1.138,1.144,1.145,1.131,245499008.0,279697313.812
